{
  "type": "minecraft:crafting_shaped",
  "category": "misc",
  "pattern": [
    "012",
    "345"
  ],
  "key": {
    "0": {
      "item": "minecraft:stick"
    },
    "1": {
      "item": "zombie_extreme:pieceof_wire_fence"
    },
    "2": {
      "item": "minecraft:stick"
    },
    "3": {
      "item": "minecraft:stick"
    },
    "4": {
      "item": "zombie_extreme:pieceof_wire_fence"
    },
    "5": {
      "item": "minecraft:stick"
    }
  },
  "result": {
    "item": "zombie_extreme:barbed_fence",
    "count": 4
  }
}