{
  "type": "minecraft:crafting_shaped",
  "category": "misc",
  "pattern": [
    "012",
    "3 5",
    "6 8"
  ],
  "key": {
    "0": {
      "item": "zombie_extreme:ignotsteel"
    },
    "1": {
      "item": "zombie_extreme:ignotsteel"
    },
    "2": {
      "item": "zombie_extreme:ignotsteel"
    },
    "3": {
      "item": "zombie_extreme:steel_plate"
    },
    "5": {
      "item": "zombie_extreme:steel_plate"
    },
    "6": {
      "item": "minecraft:iron_ingot"
    },
    "8": {
      "item": "minecraft:iron_ingot"
    }
  },
  "result": {
    "item": "zombie_extreme:combat_armor_leggings",
    "count": 1
  }
}