{
  "type": "minecraft:crafting_shaped",
  "category": "misc",
  "pattern": [
    "012",
    "345",
    "678"
  ],
  "key": {
    "0": {
      "item": "zombie_extreme:steel_plate"
    },
    "1": {
      "item": "minecraft:redstone"
    },
    "2": {
      "item": "zombie_extreme:steel_plate"
    },
    "3": {
      "item": "zombie_extreme:lead_plate"
    },
    "4": {
      "item": "zombie_extreme:combat_armor_boots"
    },
    "5": {
      "item": "zombie_extreme:lead_plate"
    },
    "6": {
      "item": "zombie_extreme:titan_plate"
    },
    "7": {
      "item": "minecraft:redstone"
    },
    "8": {
      "item": "zombie_extreme:titan_plate"
    }
  },
  "result": {
    "item": "zombie_extreme:exo_suit_boots",
    "count": 1
  }
}