{
  "type": "minecraft:crafting_shaped",
  "category": "misc",
  "pattern": [
    "012",
    "345",
    "678"
  ],
  "key": {
    "0": {
      "item": "zombie_extreme:bronze_wire"
    },
    "1": {
      "item": "minecraft:iron_nugget"
    },
    "2": {
      "item": "minecraft:iron_nugget"
    },
    "3": {
      "item": "zombie_extreme:modern_axe"
    },
    "4": {
      "item": "zombie_extreme:blueprint_epic"
    },
    "5": {
      "item": "minecraft:iron_nugget"
    },
    "6": {
      "item": "zombie_extreme:batteries"
    },
    "7": {
      "item": "zombie_extreme:bronze_wire"
    },
    "8": {
      "item": "zombie_extreme:cloth"
    }
  },
  "result": {
    "item": "zombie_extreme:modern_love",
    "count": 1
  }
}