{
  "type": "minecraft:crafting_shaped",
  "category": "misc",
  "pattern": [
    " 12",
    "345",
    "67 "
  ],
  "key": {
    "1": {
      "item": "minecraft:iron_ingot"
    },
    "2": {
      "item": "zombie_extreme:ignotsteel"
    },
    "3": {
      "item": "minecraft:iron_ingot"
    },
    "4": {
      "item": "zombie_extreme:ignotsteel"
    },
    "5": {
      "item": "zombie_extreme:ignot_tin"
    },
    "6": {
      "item": "zombie_extreme:ignotsteel"
    },
    "7": {
      "item": "zombie_extreme:ignot_tin"
    }
  },
  "result": {
    "item": "zombie_extreme:steel_blade",
    "count": 1
  }
}