{
  "type": "zombie_extreme:ore_tin",
  "config": {
    "size": 6,
    "discard_chance_on_air_exposure": 0,
    "targets": [
      {
        "target": {
          "predicate_type": "blockstate_match",
          "block_state": {
            "Name": "minecraft:stone"
          }
        },
        "state": {
          "Name": "zombie_extreme:ore_tin"
        }
      },
      {
        "target": {
          "predicate_type": "blockstate_match",
          "block_state": {
            "Name": "minecraft:granite"
          }
        },
        "state": {
          "Name": "zombie_extreme:ore_tin"
        }
      },
      {
        "target": {
          "predicate_type": "blockstate_match",
          "block_state": {
            "Name": "minecraft:diorite"
          }
        },
        "state": {
          "Name": "zombie_extreme:ore_tin"
        }
      },
      {
        "target": {
          "predicate_type": "blockstate_match",
          "block_state": {
            "Name": "minecraft:andesite"
          }
        },
        "state": {
          "Name": "zombie_extreme:ore_tin"
        }
      }
    ]
  }
}