{
	"credit": "Model by LeftChaotix)",
	"texture_size": [32, 32],
	"textures": {
		"0": "cgm:block/workbench",
		"particle": "cgm:block/workbench"
	},
	"elements": [
		{
			"name": "frame_1",
			"from": [1, 0, 1],
			"to": [3, 13, 3],
			"faces": {
				"north": {"uv": [0, 9.5, 1, 16], "texture": "#0"},
				"east": {"uv": [0, 9.5, 1, 16], "texture": "#0"},
				"south": {"uv": [0, 9.5, 1, 16], "texture": "#0"},
				"west": {"uv": [0, 9.5, 1, 16], "texture": "#0"},
				"up": {"uv": [0, 9.5, 1, 16], "texture": "#0"},
				"down": {"uv": [8, 7, 9, 8], "texture": "#0"}
			}
		},
		{
			"name": "frame_2",
			"from": [1, 0, 13],
			"to": [3, 13, 15],
			"faces": {
				"north": {"uv": [0, 9.5, 1, 16], "texture": "#0"},
				"east": {"uv": [0, 9.5, 1, 16], "texture": "#0"},
				"south": {"uv": [0, 9.5, 1, 16], "texture": "#0"},
				"west": {"uv": [0, 9.5, 1, 16], "texture": "#0"},
				"up": {"uv": [0, 9.5, 1, 16], "texture": "#0"},
				"down": {"uv": [8, 7, 9, 8], "texture": "#0"}
			}
		},
		{
			"name": "frame_3",
			"from": [13, 0, 13],
			"to": [15, 13, 15],
			"faces": {
				"north": {"uv": [0, 9.5, 1, 16], "texture": "#0"},
				"east": {"uv": [0, 9.5, 1, 16], "texture": "#0"},
				"south": {"uv": [0, 9.5, 1, 16], "texture": "#0"},
				"west": {"uv": [0, 9.5, 1, 16], "texture": "#0"},
				"up": {"uv": [0, 9.5, 1, 16], "texture": "#0"},
				"down": {"uv": [8, 7, 9, 8], "texture": "#0"}
			}
		},
		{
			"name": "frame_4",
			"from": [13, 0, 1],
			"to": [15, 13, 3],
			"faces": {
				"north": {"uv": [0, 9.5, 1, 16], "texture": "#0"},
				"east": {"uv": [0, 9.5, 1, 16], "texture": "#0"},
				"south": {"uv": [0, 9.5, 1, 16], "texture": "#0"},
				"west": {"uv": [0, 9.5, 1, 16], "texture": "#0"},
				"up": {"uv": [0, 9.5, 1, 16], "texture": "#0"},
				"down": {"uv": [8, 7, 9, 8], "texture": "#0"}
			}
		},
		{
			"name": "top_1",
			"from": [0, 12, 0],
			"to": [16, 16, 16],
			"faces": {
				"north": {"uv": [0, 8, 8, 10], "texture": "#0", "cullface": "east"},
				"east": {"uv": [0, 8, 8, 10], "texture": "#0", "cullface": "east"},
				"south": {"uv": [0, 8, 8, 10], "texture": "#0", "cullface": "east"},
				"west": {"uv": [0, 8, 8, 10], "texture": "#0", "cullface": "east"},
				"up": {"uv": [0, 0, 8, 8], "texture": "#0"},
				"down": {"uv": [8, 0, 16, 8], "texture": "#0"}
			}
		},
		{
			"name": "shelf",
			"from": [0.98, 1.98, 0.98],
			"to": [15.02, 4.02, 15.02],
			"faces": {
				"north": {"uv": [0.5, 9, 7.5, 10], "texture": "#0"},
				"east": {"uv": [0.5, 9, 7.5, 10], "texture": "#0"},
				"south": {"uv": [0.5, 9, 7.5, 10], "texture": "#0"},
				"west": {"uv": [0.5, 9, 7.5, 10], "texture": "#0"},
				"up": {"uv": [0.5, 0.5, 7.5, 7.5], "texture": "#0"},
				"down": {"uv": [8.5, 0.5, 15.5, 7.5], "texture": "#0"}
			}
		},
		{
			"name": "toolbox_1",
			"from": [3, 4, 4],
			"to": [12, 9, 8],
			"rotation": {"angle": -22.5, "axis": "y", "origin": [8, 8, 8]},
			"faces": {
				"north": {"uv": [8, 10, 12.5, 12.5], "texture": "#0"},
				"east": {"uv": [12.5, 10, 14.5, 12.5], "texture": "#0"},
				"south": {"uv": [8, 10, 12.5, 12.5], "texture": "#0"},
				"west": {"uv": [12.5, 10, 14.5, 12.5], "texture": "#0"},
				"up": {"uv": [8, 8, 12.5, 10], "texture": "#0"}
			}
		},
		{
			"name": "toolbox_2",
			"from": [6.75, 6, 8],
			"to": [8.75, 8, 9],
			"rotation": {"angle": -22.5, "axis": "y", "origin": [8, 8, 8]},
			"faces": {
				"north": {"uv": [10, 13, 11, 14], "texture": "#0"},
				"east": {"uv": [9.5, 13, 10, 14], "texture": "#0"},
				"south": {"uv": [8.5, 13, 9.5, 14], "texture": "#0"},
				"west": {"uv": [8, 13, 8.5, 14], "texture": "#0"},
				"up": {"uv": [8.5, 12.5, 9.5, 13], "texture": "#0"},
				"down": {"uv": [9.5, 12.5, 10.5, 13], "texture": "#0"}
			}
		},
		{
			"name": "toolbox_handle_3",
			"from": [5, 8.95, 6],
			"to": [10, 10.95, 6],
			"rotation": {"angle": -22.5, "axis": "y", "origin": [8, 8, 8]},
			"faces": {
				"north": {"uv": [12.5, 9, 15, 10], "texture": "#0"},
				"south": {"uv": [12.5, 9, 15, 10], "texture": "#0"},
				"up": {"uv": [0, 0, 3.5, 0.5], "texture": "#0"}
			}
		}
	],
	"display": {
		"thirdperson_righthand": {
			"rotation": [75, 315, 0],
			"translation": [0, 2.5, 0],
			"scale": [0.375, 0.375, 0.375]
		},
		"firstperson_righthand": {
			"rotation": [0, 315, 0],
			"translation": [0, 2.5, 0],
			"scale": [0.4, 0.4, 0.4]
		},
		"ground": {
			"translation": [0, 3, 0],
			"scale": [0.25, 0.25, 0.25]
		},
		"gui": {
			"rotation": [30, 45, 0],
			"scale": [0.625, 0.625, 0.625]
		},
		"fixed": {
			"scale": [0.5, 0.5, 0.5]
		}
	}
}