{
	"credit": "Made by LeftChaotix",
	"texture_size": [32, 32],
	"textures": {
		"1": "cgm:item/assault_rifle"
	},
	"elements": [
		{
			"from": [7, 1.5, 13],
			"to": [9, 4.5, 17],
			"rotation": {"angle": 0, "axis": "y", "origin": [17.5, -0.5, 23]},
			"faces": {
				"north": {"uv": [1, 3, 0, 4.5], "texture": "#1", "tintindex": 0},
				"east": {"uv": [3, 3, 1, 4.5], "texture": "#1", "tintindex": 0},
				"south": {"uv": [4, 3, 3, 4.5], "texture": "#1", "tintindex": 0},
				"west": {"uv": [6, 3, 4, 4.5], "texture": "#1", "tintindex": 0},
				"up": {"uv": [1, 3, 3, 2], "rotation": 90, "texture": "#1", "tintindex": 0},
				"down": {"uv": [3, 2, 5, 3], "rotation": 270, "texture": "#1", "tintindex": 0}
			}
		},
		{
			"from": [7, 1.5, 13],
			"to": [9, 4.5, 17],
			"rotation": {"angle": 0, "axis": "y", "origin": [17.5, -0.5, 23]},
			"faces": {
				"north": {"uv": [8, 3, 7, 4.5], "texture": "#1"},
				"east": {"uv": [10, 3, 8, 4.5], "texture": "#1"},
				"south": {"uv": [11, 3, 10, 4.5], "texture": "#1"},
				"west": {"uv": [13, 3, 11, 4.5], "texture": "#1"},
				"up": {"uv": [8, 3, 10, 2], "rotation": 90, "texture": "#1"},
				"down": {"uv": [10, 2, 12, 3], "rotation": 270, "texture": "#1"}
			}
		},
		{
			"from": [7, -0.5, 11],
			"to": [9, 4.5, 13],
			"rotation": {"angle": 0, "axis": "y", "origin": [17.5, -0.5, 23]},
			"faces": {
				"north": {"uv": [1, 5.5, 0, 8], "texture": "#1", "tintindex": 0},
				"east": {"uv": [2, 5.5, 1, 8], "texture": "#1", "tintindex": 0},
				"south": {"uv": [3, 5.5, 2, 8], "texture": "#1", "tintindex": 0},
				"west": {"uv": [4, 5.5, 3, 8], "texture": "#1", "tintindex": 0},
				"up": {"uv": [1, 5.5, 2, 4.5], "rotation": 90, "texture": "#1", "tintindex": 0},
				"down": {"uv": [2, 4.5, 3, 5.5], "rotation": 270, "texture": "#1", "tintindex": 0}
			}
		},
		{
			"from": [8, 0, 13],
			"to": [8, 2, 16],
			"rotation": {"angle": 0, "axis": "y", "origin": [8, 3.5, 17]},
			"faces": {
				"north": {"uv": [5, 2, 5, 3], "texture": "#1"},
				"east": {"uv": [6.5, 2, 5, 3], "texture": "#1"},
				"south": {"uv": [6.5, 2, 6.5, 3], "texture": "#1"},
				"west": {"uv": [8, 2, 6.5, 3], "texture": "#1"},
				"up": {"uv": [5, 2, 6.5, 2], "rotation": 90, "texture": "#1"},
				"down": {"uv": [6.5, 2, 8, 2], "rotation": 270, "texture": "#1"}
			}
		},
		{
			"from": [7, 2.5, 2],
			"to": [9, 4.5, 11],
			"rotation": {"angle": 0, "axis": "y", "origin": [17.5, -0.5, 23]},
			"faces": {
				"north": {"uv": [1, 1, 0, 2], "texture": "#1", "tintindex": 0},
				"east": {"uv": [5.5, 1, 1, 2], "texture": "#1", "tintindex": 0},
				"south": {"uv": [6.5, 1, 5.5, 2], "texture": "#1", "tintindex": 0},
				"west": {"uv": [11, 1, 6.5, 2], "texture": "#1", "tintindex": 0},
				"up": {"uv": [1, 1, 5.5, 0], "rotation": 90, "texture": "#1", "tintindex": 0},
				"down": {"uv": [5.5, 0, 10, 1], "rotation": 270, "texture": "#1", "tintindex": 0}
			}
		},
		{
			"from": [7.5, -0.92881, 14.0453],
			"to": [8.54, 4.11119, 17.0853],
			"rotation": {"angle": -22.5, "axis": "x", "origin": [6.54, 4.09119, 16.0653]},
			"faces": {
				"north": {"uv": [4.5, 6, 4, 8.5], "texture": "#1"},
				"east": {"uv": [6, 6, 4.5, 8.5], "texture": "#1"},
				"south": {"uv": [6.5, 6, 6, 8.5], "texture": "#1"},
				"west": {"uv": [8, 6, 6.5, 8.5], "texture": "#1"},
				"up": {"uv": [4.5, 6, 6, 5.5], "rotation": 90, "texture": "#1"},
				"down": {"uv": [6, 5.5, 7.5, 6], "rotation": 270, "texture": "#1"}
			}
		},
		{
			"from": [7.5, 1.5, 6],
			"to": [8.5, 2.5, 11],
			"rotation": {"angle": 0, "axis": "y", "origin": [17.5, -8.5, 23]},
			"faces": {
				"north": {"uv": [3.5, 5, 3, 5.5], "texture": "#1", "tintindex": 0},
				"east": {"uv": [6, 5, 3.5, 5.5], "texture": "#1", "tintindex": 0},
				"south": {"uv": [6.5, 5, 6, 5.5], "texture": "#1", "tintindex": 0},
				"west": {"uv": [9, 5, 6.5, 5.5], "texture": "#1", "tintindex": 0},
				"up": {"uv": [3.5, 5, 6, 4.5], "rotation": 90, "texture": "#1", "tintindex": 0},
				"down": {"uv": [6, 4.5, 8.5, 5], "rotation": 270, "texture": "#1", "tintindex": 0}
			}
		},
		{
			"from": [7.5, 1.5, 6],
			"to": [8.5, 2.5, 11],
			"rotation": {"angle": 0, "axis": "y", "origin": [17.5, -8.5, 23]},
			"faces": {
				"north": {"uv": [9.5, 5, 9, 5.5], "texture": "#1"},
				"east": {"uv": [12, 5, 9.5, 5.5], "texture": "#1"},
				"south": {"uv": [12.5, 5, 12, 5.5], "texture": "#1"},
				"west": {"uv": [15, 5, 12.5, 5.5], "texture": "#1"},
				"up": {"uv": [9.5, 5, 12, 4.5], "rotation": 90, "texture": "#1"},
				"down": {"uv": [12, 4.5, 14.5, 5], "rotation": 270, "texture": "#1"}
			}
		}
	],
	"groups": [
		{
			"name": "assault rifle",
			"origin": [6, 4, 9],
			"color": 0,
			"children": [0, 1, 2, 3, 4, 5, 6, 7]
		}
	]
}