{
	"credit": "Made by LeftChaotix",
	"texture_size": [64, 64],
	"textures": {
		"0": "cgm:item/bazooka",
		"1": "cgm:effect/holo_reticle",
		"particle": "cgm:item/bazooka"
	},
	"elements": [
		{
			"from": [5.5, 3, -2],
			"to": [10.5, 8, 1],
			"rotation": {"angle": 0, "axis": "y", "origin": [-0.5, 0, 13]},
			"faces": {
				"north": {"uv": [1.25, 5.75, 0, 7], "texture": "#0", "tintindex": 0},
				"east": {"uv": [2, 5.75, 1.25, 7], "texture": "#0", "tintindex": 0},
				"south": {"uv": [3.25, 5.75, 2, 7], "texture": "#0", "tintindex": 0},
				"west": {"uv": [4, 5.75, 3.25, 7], "texture": "#0", "tintindex": 0},
				"up": {"uv": [1.25, 5.75, 2, 4.5], "rotation": 90, "texture": "#0", "tintindex": 0},
				"down": {"uv": [2, 4.5, 2.75, 5.75], "rotation": 270, "texture": "#0", "tintindex": 0}
			}
		},
		{
			"from": [5.5, 3, 19],
			"to": [10.5, 8, 21],
			"rotation": {"angle": 0, "axis": "y", "origin": [-0.5, 0, 13]},
			"faces": {
				"north": {"uv": [4, 7.25, 2.75, 8.5], "texture": "#0", "tintindex": 0},
				"east": {"uv": [4.5, 7.25, 4, 8.5], "texture": "#0", "tintindex": 0},
				"south": {"uv": [5.75, 7.25, 4.5, 8.5], "texture": "#0", "tintindex": 0},
				"west": {"uv": [6.25, 7.25, 5.75, 8.5], "texture": "#0", "tintindex": 0},
				"up": {"uv": [4, 7.25, 4.5, 6], "rotation": 90, "texture": "#0", "tintindex": 0},
				"down": {"uv": [4.5, 6, 5, 7.25], "rotation": 270, "texture": "#0", "tintindex": 0}
			}
		},
		{
			"from": [5, 2.5, 21],
			"to": [11, 8.5, 23],
			"rotation": {"angle": 0, "axis": "y", "origin": [-0.5, 0, 13]},
			"faces": {
				"north": {"uv": [5.5, 4.5, 4, 6], "texture": "#0", "tintindex": 0},
				"east": {"uv": [6, 4.5, 5.5, 6], "texture": "#0", "tintindex": 0},
				"south": {"uv": [7.5, 4.5, 6, 6], "texture": "#0", "tintindex": 0},
				"west": {"uv": [8, 4.5, 7.5, 6], "texture": "#0", "tintindex": 0},
				"up": {"uv": [5.5, 4.5, 6, 3], "rotation": 90, "texture": "#0", "tintindex": 0},
				"down": {"uv": [6, 3, 6.5, 4.5], "rotation": 270, "texture": "#0", "tintindex": 0}
			}
		},
		{
			"from": [5.5, 3, 4],
			"to": [10.5, 8, 10],
			"rotation": {"angle": 0, "axis": "y", "origin": [-0.5, 0, 13]},
			"faces": {
				"north": {"uv": [1.25, 3.25, 0, 4.5], "texture": "#0", "tintindex": 0},
				"east": {"uv": [2.75, 3.25, 1.25, 4.5], "texture": "#0", "tintindex": 0},
				"south": {"uv": [4, 3.25, 2.75, 4.5], "texture": "#0", "tintindex": 0},
				"west": {"uv": [5.5, 3.25, 4, 4.5], "texture": "#0", "tintindex": 0},
				"up": {"uv": [1.25, 3.25, 2.75, 2], "rotation": 90, "texture": "#0", "tintindex": 0},
				"down": {"uv": [2.75, 2, 4.25, 3.25], "rotation": 270, "texture": "#0", "tintindex": 0}
			}
		},
		{
			"from": [7, -1, 7],
			"to": [9, 3, 9],
			"rotation": {"angle": 0, "axis": "y", "origin": [-0.5, 0, 13]},
			"faces": {
				"north": {"uv": [7, 3.5, 6.5, 4.5], "texture": "#0"},
				"east": {"uv": [7.5, 3.5, 7, 4.5], "texture": "#0"},
				"south": {"uv": [8, 3.5, 7.5, 4.5], "texture": "#0"},
				"west": {"uv": [8.5, 3.5, 8, 4.5], "texture": "#0"},
				"up": {"uv": [7, 3.5, 7.5, 3], "rotation": 90, "texture": "#0"},
				"down": {"uv": [7.5, 3, 8, 3.5], "rotation": 270, "texture": "#0"}
			}
		},
		{
			"from": [10.5, 5, 6],
			"to": [11.5, 6, 9],
			"rotation": {"angle": 0, "axis": "y", "origin": [-0.5, 0, 13]},
			"faces": {
				"north": {"uv": [0.25, 7.25, 0, 7.5], "texture": "#0", "tintindex": 0},
				"east": {"uv": [1, 7.25, 0.25, 7.5], "texture": "#0", "tintindex": 0},
				"south": {"uv": [1.25, 7.25, 1, 7.5], "texture": "#0", "tintindex": 0},
				"west": {"uv": [2, 7.25, 1.25, 7.5], "texture": "#0", "tintindex": 0},
				"up": {"uv": [0.25, 7.25, 1, 7], "rotation": 90, "texture": "#0", "tintindex": 0},
				"down": {"uv": [1, 7, 1.75, 7.25], "rotation": 270, "texture": "#0", "tintindex": 0}
			}
		},
		{
			"from": [8, 1, 4],
			"to": [8, 3, 7],
			"rotation": {"angle": 0, "axis": "y", "origin": [-0.5, 0, 13]},
			"faces": {
				"north": {"uv": [7, 6, 7, 6.5], "texture": "#0", "tintindex": 0},
				"east": {"uv": [7.75, 6, 7, 6.5], "texture": "#0", "tintindex": 0},
				"south": {"uv": [7.75, 6, 7.75, 6.5], "texture": "#0", "tintindex": 0},
				"west": {"uv": [8.5, 6, 7.75, 6.5], "texture": "#0", "tintindex": 0},
				"up": {"uv": [7, 6, 7.75, 6], "rotation": 90, "texture": "#0", "tintindex": 0},
				"down": {"uv": [7.75, 6, 8.5, 6], "rotation": 270, "texture": "#0", "tintindex": 0}
			}
		},
		{
			"from": [6, 3.5, 1],
			"to": [10, 7.5, 4],
			"rotation": {"angle": 0, "axis": "y", "origin": [-0.5, 0, 13]},
			"faces": {
				"north": {"uv": [6.5, 2, 5.5, 3], "texture": "#0", "tintindex": 0},
				"east": {"uv": [7.25, 2, 6.5, 3], "texture": "#0", "tintindex": 0},
				"south": {"uv": [8.25, 2, 7.25, 3], "texture": "#0", "tintindex": 0},
				"west": {"uv": [9, 2, 8.25, 3], "texture": "#0", "tintindex": 0},
				"up": {"uv": [6.5, 2, 7.25, 1], "rotation": 90, "texture": "#0", "tintindex": 0},
				"down": {"uv": [7.25, 1, 8, 2], "rotation": 270, "texture": "#0", "tintindex": 0}
			}
		},
		{
			"from": [6, 3.5, 10],
			"to": [10, 7.5, 19],
			"rotation": {"angle": 0, "axis": "y", "origin": [-0.5, 0, 13]},
			"faces": {
				"north": {"uv": [1, 1, 0, 2], "texture": "#0", "tintindex": 0},
				"east": {"uv": [3.25, 1, 1, 2], "texture": "#0", "tintindex": 0},
				"south": {"uv": [4.25, 1, 3.25, 2], "texture": "#0", "tintindex": 0},
				"west": {"uv": [6.5, 1, 4.25, 2], "texture": "#0", "tintindex": 0},
				"up": {"uv": [1, 1, 3.25, 0], "rotation": 90, "texture": "#0", "tintindex": 0},
				"down": {"uv": [3.25, 0, 5.5, 1], "rotation": 270, "texture": "#0", "tintindex": 0}
			}
		},
		{
			"from": [11.5, 4.5, 5.5],
			"to": [11.75, 6.5, 10.5],
			"rotation": {"angle": 0, "axis": "y", "origin": [2.25, 0, 0.5]},
			"faces": {
				"north": {"uv": [8.5, 0, 9, 0.5], "texture": "#0", "tintindex": 0},
				"east": {"uv": [8.5, 0, 9, 0.5], "texture": "#0"},
				"south": {"uv": [7.25, 0.5, 7.75, 1], "texture": "#0", "tintindex": 0},
				"west": {"uv": [7.75, 0.5, 9, 1], "rotation": 180, "texture": "#0", "tintindex": 0}
			}
		},
		{
			"from": [13.25, 4.5, 5.5],
			"to": [13.5, 6.5, 10.5],
			"rotation": {"angle": 0, "axis": "y", "origin": [2.25, 0, 0.5]},
			"faces": {
				"north": {"uv": [8.5, 0, 9, 0.5], "texture": "#0", "tintindex": 0},
				"east": {"uv": [6, 0.5, 7.25, 1], "rotation": 180, "texture": "#0", "tintindex": 0},
				"south": {"uv": [7.25, 0.5, 7.75, 1], "texture": "#0", "tintindex": 0},
				"west": {"uv": [8.5, 0, 9, 0.5], "texture": "#0"}
			}
		},
		{
			"from": [11.5, 4.5, 5.5],
			"to": [13.5, 4.75, 10.5],
			"rotation": {"angle": 0, "axis": "y", "origin": [2.25, 0, 0.5]},
			"faces": {
				"north": {"uv": [8.5, 0, 9, 0.5], "texture": "#0", "tintindex": 0},
				"south": {"uv": [7.25, 0.5, 7.75, 1], "texture": "#0", "tintindex": 0},
				"up": {"uv": [8.5, 0, 9, 0.5], "texture": "#0"},
				"down": {"uv": [7.25, 0, 8.5, 0.5], "rotation": 270, "texture": "#0", "tintindex": 0}
			}
		},
		{
			"from": [11.5, 6.25, 5.5],
			"to": [13.5, 6.5, 10.5],
			"rotation": {"angle": 0, "axis": "y", "origin": [2.25, 0, 0.5]},
			"faces": {
				"north": {"uv": [8.5, 0, 9, 0.5], "texture": "#0", "tintindex": 0},
				"south": {"uv": [7.25, 0.5, 7.75, 1], "texture": "#0", "tintindex": 0},
				"up": {"uv": [6, 0, 7.25, 0.5], "rotation": 90, "texture": "#0", "tintindex": 0},
				"down": {"uv": [8.5, 0, 9, 0.5], "texture": "#0"}
			}
		},
		{
			"from": [11.4, 4.4, 5.4],
			"to": [11.6, 6.6, 8.6],
			"rotation": {"angle": 0, "axis": "y", "origin": [2.25, 0, 0.5]},
			"faces": {
				"north": {"uv": [5, 6.5, 5.5, 7], "texture": "#0", "tintindex": 0},
				"east": {"uv": [9, 0, 9.5, 0.5], "texture": "#0", "tintindex": 0},
				"south": {"uv": [6.25, 6.5, 6.75, 7], "texture": "#0", "tintindex": 0},
				"west": {"uv": [6.75, 6.5, 7.5, 7], "texture": "#0", "tintindex": 0}
			}
		},
		{
			"from": [13.4, 4.4, 5.4],
			"to": [13.6, 6.6, 8.6],
			"rotation": {"angle": 0, "axis": "y", "origin": [2.25, 0, 0.5]},
			"faces": {
				"north": {"uv": [5, 6.5, 5.5, 7], "texture": "#0", "tintindex": 0},
				"east": {"uv": [5.5, 6.5, 6.25, 7], "texture": "#0", "tintindex": 0},
				"south": {"uv": [6.25, 6.5, 6.75, 7], "texture": "#0", "tintindex": 0},
				"west": {"uv": [9, 0, 9.5, 0.5], "texture": "#0", "tintindex": 0}
			}
		},
		{
			"from": [11.4, 4.4, 5.4],
			"to": [13.6, 4.6, 8.6],
			"rotation": {"angle": 0, "axis": "y", "origin": [2.25, 0, 0.5]},
			"faces": {
				"north": {"uv": [5, 6.5, 5.5, 7], "texture": "#0", "tintindex": 0},
				"south": {"uv": [6.25, 6.5, 6.75, 7], "texture": "#0", "tintindex": 0},
				"up": {"uv": [9, 0, 9.5, 0.5], "texture": "#0", "tintindex": 0},
				"down": {"uv": [6.25, 6, 7, 6.5], "rotation": 270, "texture": "#0", "tintindex": 0}
			}
		},
		{
			"from": [11.4, 6.4, 5.4],
			"to": [13.6, 6.6, 8.6],
			"rotation": {"angle": 0, "axis": "y", "origin": [2.25, 0, 0.5]},
			"faces": {
				"north": {"uv": [5, 6.5, 5.5, 7], "texture": "#0", "tintindex": 0},
				"south": {"uv": [6.25, 6.5, 6.75, 7], "texture": "#0", "tintindex": 0},
				"up": {"uv": [5.5, 6, 6.25, 6.5], "rotation": 90, "texture": "#0", "tintindex": 0},
				"down": {"uv": [9, 0, 9.5, 0.5], "texture": "#0", "tintindex": 0}
			}
		},
		{
			"from": [12.45, 5.45, 8.75],
			"to": [12.55, 5.55, 8.85],
			"rotation": {"angle": 0, "axis": "y", "origin": [0, 0.075, -0.255]},
			"faces": {
				"south": {"uv": [0, 0, 11, 11], "texture": "#1", "tintindex": 0}
			}
		},
		{
			"from": [11.5, 4.5, 5.45],
			"to": [13.5, 6.5, 5.45],
			"faces": {
				"north": {"uv": [5, 6, 5.5, 6.5], "texture": "#0"},
				"east": {"uv": [0, 0, 0, 0.5], "texture": "#0", "tintindex": 0},
				"west": {"uv": [0, 0, 0, 0.5], "texture": "#0", "tintindex": 0},
				"up": {"uv": [5.25, 6, 5.75, 6], "texture": "#0", "tintindex": 0},
				"down": {"uv": [0, 0, 0.5, 0], "texture": "#0", "tintindex": 0}
			}
		}
	],
	"groups": [
		{
			"name": "bazooka",
			"origin": [0, 0, 0],
			"color": 0,
			"children": [
				0,
				1,
				2,
				3,
				4,
				5,
				6,
				7,
				8,
				{
					"name": "sight",
					"origin": [0, 0, 0],
					"color": 0,
					"children": [
						{
							"name": "back",
							"origin": [8, 8, 8],
							"color": 0,
							"children": [9, 10, 11, 12]
						},
						{
							"name": "front",
							"origin": [8, 8, 8],
							"color": 0,
							"children": [13, 14, 15, 16, 17, 18]
						}
					]
				}
			]
		}
	]
}