{
	"credit": "Made by LeftChaotix",
	"texture_size": [32, 32],
	"textures": {
		"0": "cgm:item/heavy_rifle",
		"particle": "cgm:item/heavy_rifle"
	},
	"elements": [
		{
			"from": [7.48, 1.57603, 14.87567],
			"to": [8.52, 4.61603, 18.91567],
			"rotation": {"angle": 22.5, "axis": "x", "origin": [7.52, 3.59603, 14.89567]},
			"faces": {
				"north": {"uv": [0.5, 6, 0, 7.5], "texture": "#0"},
				"east": {"uv": [2.5, 6, 0.5, 7.5], "texture": "#0"},
				"south": {"uv": [3, 6, 2.5, 7.5], "texture": "#0"},
				"west": {"uv": [5, 6, 3, 7.5], "texture": "#0"},
				"up": {"uv": [0.5, 6, 2.5, 5.5], "rotation": 90, "texture": "#0"},
				"down": {"uv": [2.5, 5.5, 4.5, 6], "rotation": 270, "texture": "#0"}
			}
		},
		{
			"from": [7.5, 4.54604, -0.73247],
			"to": [8.5, 5.54604, 1.26753],
			"rotation": {"angle": 0, "axis": "y", "origin": [17.5, -0.45396, 21.26753]},
			"faces": {
				"north": {"uv": [0.5, 8, 0, 8.5], "texture": "#0", "tintindex": 0},
				"east": {"uv": [1.5, 8, 0.5, 8.5], "texture": "#0", "tintindex": 0},
				"south": {"uv": [2, 8, 1.5, 8.5], "texture": "#0", "tintindex": 0},
				"west": {"uv": [3, 8, 2, 8.5], "texture": "#0", "tintindex": 0},
				"up": {"uv": [0.5, 8, 1.5, 7.5], "rotation": 90, "texture": "#0", "tintindex": 0},
				"down": {"uv": [1.5, 7.5, 2.5, 8], "rotation": 270, "texture": "#0", "tintindex": 0}
			}
		},
		{
			"from": [7.5, 1.54604, 2.26753],
			"to": [8.5, 2.54604, 7.26753],
			"rotation": {"angle": 0, "axis": "y", "origin": [17.5, -0.45396, 21.26753]},
			"faces": {
				"north": {"uv": [0.5, 5, 0, 5.5], "texture": "#0", "tintindex": 0},
				"east": {"uv": [3, 5, 0.5, 5.5], "texture": "#0", "tintindex": 0},
				"south": {"uv": [3.5, 5, 3, 5.5], "texture": "#0", "tintindex": 0},
				"west": {"uv": [6, 5, 3.5, 5.5], "texture": "#0", "tintindex": 0},
				"up": {"uv": [0.5, 5, 3, 4.5], "rotation": 90, "texture": "#0", "tintindex": 0},
				"down": {"uv": [3, 4.5, 5.5, 5], "rotation": 270, "texture": "#0", "tintindex": 0}
			}
		},
		{
			"from": [7.5, 1.54604, 2.26753],
			"to": [8.5, 2.54604, 7.26753],
			"rotation": {"angle": 0, "axis": "y", "origin": [17.5, -0.45396, 21.26753]},
			"faces": {
				"north": {"uv": [10.5, 0.5, 10, 1], "texture": "#0"},
				"east": {"uv": [13, 0.5, 10.5, 1], "texture": "#0"},
				"south": {"uv": [13.5, 0.5, 13, 1], "texture": "#0"},
				"west": {"uv": [16, 0.5, 13.5, 1], "texture": "#0"},
				"up": {"uv": [10.5, 0.5, 13, 0], "rotation": 90, "texture": "#0"},
				"down": {"uv": [13, 0, 15.5, 0.5], "rotation": 270, "texture": "#0"}
			}
		},
		{
			"from": [7, 2.54604, -0.73247],
			"to": [9, 4.54604, 7.26753],
			"rotation": {"angle": 0, "axis": "y", "origin": [17.5, -0.45396, 21.26753]},
			"faces": {
				"north": {"uv": [1, 3.5, 0, 4.5], "texture": "#0", "tintindex": 0},
				"east": {"uv": [5, 3.5, 1, 4.5], "texture": "#0", "tintindex": 0},
				"south": {"uv": [6, 3.5, 5, 4.5], "texture": "#0", "tintindex": 0},
				"west": {"uv": [10, 3.5, 6, 4.5], "texture": "#0", "tintindex": 0},
				"up": {"uv": [1, 3.5, 5, 2.5], "rotation": 90, "texture": "#0", "tintindex": 0},
				"down": {"uv": [5, 2.5, 9, 3.5], "rotation": 270, "texture": "#0", "tintindex": 0}
			}
		},
		{
			"from": [8, 0.04604, 13.26753],
			"to": [8, 2.04604, 16.26753],
			"rotation": {"angle": 0, "axis": "y", "origin": [8, 3.54604, 15.26753]},
			"faces": {
				"north": {"uv": [6, 4.5, 6, 5.5], "texture": "#0"},
				"east": {"uv": [7.5, 4.5, 6, 5.5], "texture": "#0"},
				"south": {"uv": [7.5, 4.5, 7.5, 5.5], "texture": "#0"},
				"west": {"uv": [9, 4.5, 7.5, 5.5], "texture": "#0"},
				"up": {"uv": [6, 4.5, 7.5, 4.5], "rotation": 90, "texture": "#0"},
				"down": {"uv": [7.5, 4.5, 9, 4.5], "rotation": 270, "texture": "#0"}
			}
		},
		{
			"from": [7.5, 0, 16],
			"to": [8.5, 3, 19],
			"rotation": {"angle": 0, "axis": "y", "origin": [7.96, 4.5, 15]},
			"faces": {
				"north": {"uv": [5.5, 6, 5, 7.5], "texture": "#0"},
				"east": {"uv": [7, 6, 5.5, 7.5], "texture": "#0"},
				"south": {"uv": [7.5, 6, 7, 7.5], "texture": "#0"},
				"west": {"uv": [9, 6, 7.5, 7.5], "texture": "#0"},
				"up": {"uv": [5.5, 6, 7, 5.5], "rotation": 90, "texture": "#0"},
				"down": {"uv": [7, 5.5, 8.5, 6], "rotation": 270, "texture": "#0"}
			}
		},
		{
			"from": [7, 1.54604, 7.26753],
			"to": [9, 4.54604, 15.26753],
			"rotation": {"angle": 0, "axis": "y", "origin": [17.5, -0.45396, 21.26753]},
			"faces": {
				"north": {"uv": [1, 1, 0, 2.5], "texture": "#0", "tintindex": 0},
				"east": {"uv": [5, 1, 1, 2.5], "texture": "#0", "tintindex": 0},
				"south": {"uv": [6, 1, 5, 2.5], "texture": "#0", "tintindex": 0},
				"west": {"uv": [10, 1, 6, 2.5], "texture": "#0", "tintindex": 0},
				"up": {"uv": [1, 1, 5, 0], "rotation": 90, "texture": "#0", "tintindex": 0},
				"down": {"uv": [5, 0, 9, 1], "rotation": 270, "texture": "#0", "tintindex": 0}
			}
		},
		{
			"from": [7, 1.54604, 7.26753],
			"to": [9, 4.54604, 15.26753],
			"rotation": {"angle": 0, "axis": "y", "origin": [17.5, -0.45396, 21.26753]},
			"faces": {
				"north": {"uv": [1, 9.5, 0, 11], "texture": "#0"},
				"east": {"uv": [5, 9.5, 1, 11], "texture": "#0"},
				"south": {"uv": [6, 9.5, 5, 11], "texture": "#0"},
				"west": {"uv": [10, 9.5, 6, 11], "texture": "#0"},
				"up": {"uv": [1, 9.5, 5, 8.5], "rotation": 90, "texture": "#0"},
				"down": {"uv": [5, 8.5, 9, 9.5], "rotation": 270, "texture": "#0"}
			}
		}
	],
	"groups": [
		{
			"name": "heavy rifle",
			"origin": [6, 4, 9],
			"color": 0,
			"children": [0, 1, 2, 3, 4, 5, 6, 7, 8]
		}
	]
}