{
	"credit": "Made by LeftChaotix",
	"texture_size": [32, 32],
	"textures": {
		"0": "cgm:item/machine_pistol",
		"particle": "cgm:item/machine_pistol"
	},
	"elements": [
		{
			"from": [7, 2, 13],
			"to": [9, 5, 16],
			"rotation": {"angle": 0, "axis": "y", "origin": [17.5, 0, 22]},
			"faces": {
				"north": {"uv": [5, 3, 4, 4.5], "texture": "#0", "tintindex": 0},
				"east": {"uv": [6.5, 3, 5, 4.5], "texture": "#0", "tintindex": 0},
				"south": {"uv": [7.5, 3, 6.5, 4.5], "texture": "#0", "tintindex": 0},
				"west": {"uv": [9, 3, 7.5, 4.5], "texture": "#0", "tintindex": 0},
				"up": {"uv": [5, 3, 6.5, 2], "rotation": 90, "texture": "#0", "tintindex": 0},
				"down": {"uv": [6.5, 2, 8, 3], "rotation": 270, "texture": "#0", "tintindex": 0}
			}
		},
		{
			"from": [7, 0, 11],
			"to": [9, 5, 13],
			"rotation": {"angle": 0, "axis": "y", "origin": [17.5, 0, 22]},
			"faces": {
				"north": {"uv": [1, 3, 0, 5.5], "texture": "#0", "tintindex": 0},
				"east": {"uv": [2, 3, 1, 5.5], "texture": "#0", "tintindex": 0},
				"south": {"uv": [3, 3, 2, 5.5], "texture": "#0", "tintindex": 0},
				"west": {"uv": [4, 3, 3, 5.5], "texture": "#0", "tintindex": 0},
				"up": {"uv": [1, 3, 2, 2], "rotation": 90, "texture": "#0", "tintindex": 0},
				"down": {"uv": [2, 2, 3, 3], "rotation": 270, "texture": "#0", "tintindex": 0}
			}
		},
		{
			"from": [8, 0, 13],
			"to": [8, 2, 16],
			"rotation": {"angle": 0, "axis": "y", "origin": [8, 4, 16]},
			"faces": {
				"north": {"uv": [5, 0, 5, 1], "texture": "#0", "tintindex": 0},
				"east": {"uv": [6.5, 0, 5, 1], "texture": "#0", "tintindex": 0},
				"south": {"uv": [6.5, 0, 6.5, 1], "texture": "#0", "tintindex": 0},
				"west": {"uv": [8, 0, 6.5, 1], "texture": "#0", "tintindex": 0},
				"up": {"uv": [5, 0, 6.5, 0], "rotation": 90, "texture": "#0", "tintindex": 0},
				"down": {"uv": [6.5, 0, 8, 0], "rotation": 270, "texture": "#0", "tintindex": 0}
			}
		},
		{
			"from": [7, 3, 7],
			"to": [9, 5, 11],
			"rotation": {"angle": 0, "axis": "y", "origin": [17.5, 0, 22]},
			"faces": {
				"north": {"uv": [1, 1, 0, 2], "texture": "#0", "tintindex": 0},
				"east": {"uv": [3, 1, 1, 2], "texture": "#0", "tintindex": 0},
				"south": {"uv": [4, 1, 3, 2], "texture": "#0", "tintindex": 0},
				"west": {"uv": [6, 1, 4, 2], "texture": "#0", "tintindex": 0},
				"up": {"uv": [1, 1, 3, 0], "rotation": 90, "texture": "#0", "tintindex": 0},
				"down": {"uv": [3, 0, 5, 1], "rotation": 270, "texture": "#0", "tintindex": 0}
			}
		},
		{
			"from": [7.48, -1.02, 13.98],
			"to": [8.52, 4.02, 16.02],
			"rotation": {"angle": -22.5, "axis": "x", "origin": [8, 4, 16]},
			"faces": {
				"north": {"uv": [4.5, 5, 4, 7.5], "texture": "#0"},
				"east": {"uv": [5.5, 5, 4.5, 7.5], "texture": "#0"},
				"south": {"uv": [6, 5, 5.5, 7.5], "texture": "#0"},
				"west": {"uv": [7, 5, 6, 7.5], "texture": "#0"},
				"up": {"uv": [4.5, 5, 5.5, 4.5], "rotation": 90, "texture": "#0"},
				"down": {"uv": [5.5, 4.5, 6.5, 5], "rotation": 270, "texture": "#0"}
			}
		}
	],
	"groups": [
		{
			"name": "machinepistol",
			"origin": [6, 4, 9],
			"color": 0,
			"children": [0, 1, 2, 3, 4]
		}
	]
}