{
	"credit": "Made by LeftChaotix",
	"textures": {
		"0": "cgm:item/pistol",
		"particle": "cgm:item/pistol"
	},
	"elements": [
		{
			"from": [7, 1.5, 11],
			"to": [9, 4.5, 15],
			"rotation": {"angle": 0, "axis": "y", "origin": [17.5, -0.5, 21]},
			"faces": {
				"north": {"uv": [2, 2, 0, 5], "texture": "#0", "tintindex": 0},
				"east": {"uv": [6, 2, 2, 5], "texture": "#0", "tintindex": 0},
				"south": {"uv": [8, 2, 6, 5], "texture": "#0", "tintindex": 0},
				"west": {"uv": [12, 2, 8, 5], "texture": "#0", "tintindex": 0},
				"up": {"uv": [2, 2, 6, 0], "rotation": 90, "texture": "#0", "tintindex": 0},
				"down": {"uv": [6, 0, 10, 2], "rotation": 270, "texture": "#0", "tintindex": 0}
			}
		},
		{
			"from": [7.5, -1.32843, 15.85671],
			"to": [8.5, 0.67157, 17.85671],
			"rotation": {"angle": 0, "axis": "y", "origin": [7.96, 4.17157, 14.85671]},
			"faces": {
				"north": {"uv": [11, 10, 10, 12], "texture": "#0"},
				"east": {"uv": [13, 10, 11, 12], "texture": "#0"},
				"south": {"uv": [14, 10, 13, 12], "texture": "#0"},
				"west": {"uv": [16, 10, 14, 12], "texture": "#0"},
				"up": {"uv": [11, 10, 13, 9], "rotation": 90, "texture": "#0"},
				"down": {"uv": [13, 9, 15, 10], "rotation": 270, "texture": "#0"}
			}
		},
		{
			"from": [8, 0, 12],
			"to": [8, 2, 15],
			"rotation": {"angle": 0, "axis": "y", "origin": [8, 3.5, 15]},
			"faces": {
				"north": {"uv": [10, 0, 10, 2], "texture": "#0", "tintindex": 0},
				"east": {"uv": [13, 0, 10, 2], "texture": "#0", "tintindex": 0},
				"south": {"uv": [13, 0, 13, 2], "texture": "#0", "tintindex": 0},
				"west": {"uv": [16, 0, 13, 2], "texture": "#0", "tintindex": 0},
				"up": {"uv": [10, 0, 13, 0], "rotation": 90, "texture": "#0", "tintindex": 0},
				"down": {"uv": [13, 0, 16, 0], "rotation": 270, "texture": "#0", "tintindex": 0}
			}
		},
		{
			"from": [7, 2.5, 7],
			"to": [9, 4.5, 11],
			"rotation": {"angle": 0, "axis": "y", "origin": [17.5, -0.5, 21]},
			"faces": {
				"north": {"uv": [2, 7, 0, 9], "texture": "#0", "tintindex": 0},
				"east": {"uv": [6, 7, 2, 9], "texture": "#0", "tintindex": 0},
				"south": {"uv": [8, 7, 6, 9], "texture": "#0", "tintindex": 0},
				"west": {"uv": [12, 7, 8, 9], "texture": "#0", "tintindex": 0},
				"up": {"uv": [2, 7, 6, 5], "rotation": 90, "texture": "#0", "tintindex": 0},
				"down": {"uv": [6, 5, 10, 7], "rotation": 270, "texture": "#0", "tintindex": 0}
			}
		},
		{
			"from": [7.48, 1.48, 14.98],
			"to": [8.52, 3.52, 19.02],
			"rotation": {"angle": 45, "axis": "x", "origin": [8, 3.5, 15]},
			"faces": {
				"north": {"uv": [1, 10, 0, 12], "texture": "#0"},
				"east": {"uv": [5, 10, 1, 12], "texture": "#0"},
				"south": {"uv": [6, 10, 5, 12], "texture": "#0"},
				"west": {"uv": [10, 10, 6, 12], "texture": "#0"},
				"up": {"uv": [1, 10, 5, 9], "rotation": 90, "texture": "#0"},
				"down": {"uv": [5, 9, 9, 10], "rotation": 270, "texture": "#0"}
			}
		}
	],
	"groups": [
		{
			"name": "pistol",
			"origin": [6, 4, 9],
			"color": 0,
			"children": [0, 1, 2, 3, 4]
		}
	]
}