{
	"credit": "Made by LeftChaotix",
	"texture_size": [32, 32],
	"textures": {
		"0": "cgm:item/rifle",
		"particle": "cgm:item/rifle"
	},
	"elements": [
		{
			"from": [7, 1.5, 12.25],
			"to": [9, 4.5, 15.25],
			"rotation": {"angle": 0, "axis": "y", "origin": [17.5, -0.5, 21.25]},
			"faces": {
				"north": {"uv": [1, 3, 0, 4.5], "texture": "#0", "tintindex": 0},
				"east": {"uv": [2.5, 3, 1, 4.5], "texture": "#0", "tintindex": 0},
				"south": {"uv": [3.5, 3, 2.5, 4.5], "texture": "#0", "tintindex": 0},
				"west": {"uv": [5, 3, 3.5, 4.5], "texture": "#0", "tintindex": 0},
				"up": {"uv": [1, 3, 2.5, 2], "rotation": 90, "texture": "#0", "tintindex": 0},
				"down": {"uv": [2.5, 2, 4, 3], "rotation": 270, "texture": "#0", "tintindex": 0}
			}
		},
		{
			"from": [7, 1.5, 12.25],
			"to": [9, 4.5, 15.25],
			"rotation": {"angle": 0, "axis": "y", "origin": [17.5, -0.5, 21.25]},
			"faces": {
				"north": {"uv": [10, 3, 9, 4.5], "texture": "#0"},
				"east": {"uv": [11.5, 3, 10, 4.5], "texture": "#0"},
				"south": {"uv": [12.5, 3, 11.5, 4.5], "texture": "#0"},
				"west": {"uv": [14, 3, 12.5, 4.5], "texture": "#0"},
				"up": {"uv": [10, 3, 11.5, 2], "rotation": 90, "texture": "#0"},
				"down": {"uv": [11.5, 2, 13, 3], "rotation": 270, "texture": "#0"}
			}
		},
		{
			"from": [7.5, -0.04604, 15.98247],
			"to": [8.5, 2.95396, 18.98247],
			"rotation": {"angle": 0, "axis": "y", "origin": [7.96, 4.45396, 14.98247]},
			"faces": {
				"north": {"uv": [5.5, 2.5, 5, 4], "texture": "#0"},
				"east": {"uv": [7, 2.5, 5.5, 4], "texture": "#0"},
				"south": {"uv": [7.5, 2.5, 7, 4], "texture": "#0"},
				"west": {"uv": [9, 2.5, 7.5, 4], "texture": "#0"},
				"up": {"uv": [5.5, 2.5, 7, 2], "rotation": 90, "texture": "#0"},
				"down": {"uv": [7, 2, 8.5, 2.5], "rotation": 270, "texture": "#0"}
			}
		},
		{
			"from": [8, 0, 13.25],
			"to": [8, 2, 16.25],
			"rotation": {"angle": 0, "axis": "y", "origin": [8, 3.5, 15.25]},
			"faces": {
				"north": {"uv": [5, 4, 5, 5], "texture": "#0", "tintindex": 0},
				"east": {"uv": [6.5, 4, 5, 5], "texture": "#0", "tintindex": 0},
				"south": {"uv": [6.5, 4, 6.5, 5], "texture": "#0", "tintindex": 0},
				"west": {"uv": [8, 4, 6.5, 5], "texture": "#0", "tintindex": 0},
				"up": {"uv": [5, 4, 6.5, 4], "rotation": 90, "texture": "#0", "tintindex": 0},
				"down": {"uv": [6.5, 4, 8, 4], "rotation": 270, "texture": "#0", "tintindex": 0}
			}
		},
		{
			"from": [7, 2.5, 0.25],
			"to": [9, 4.5, 12.25],
			"rotation": {"angle": 0, "axis": "y", "origin": [17.5, -0.5, 21.25]},
			"faces": {
				"north": {"uv": [1, 1, 0, 2], "texture": "#0", "tintindex": 0},
				"east": {"uv": [7, 1, 1, 2], "texture": "#0", "tintindex": 0},
				"south": {"uv": [8, 1, 7, 2], "texture": "#0", "tintindex": 0},
				"west": {"uv": [14, 1, 8, 2], "texture": "#0", "tintindex": 0},
				"up": {"uv": [1, 1, 7, 0], "rotation": 90, "texture": "#0", "tintindex": 0},
				"down": {"uv": [7, 0, 13, 1], "rotation": 270, "texture": "#0", "tintindex": 0}
			}
		},
		{
			"from": [7.5, 4.5, 0.25],
			"to": [8.5, 5.5, 1.25],
			"rotation": {"angle": 0, "axis": "y", "origin": [17.5, -0.5, 21.25]},
			"faces": {
				"north": {"uv": [5.5, 5.5, 5, 6], "texture": "#0", "tintindex": 0},
				"east": {"uv": [6, 5.5, 5.5, 6], "texture": "#0", "tintindex": 0},
				"south": {"uv": [6.5, 5.5, 6, 6], "texture": "#0", "tintindex": 0},
				"west": {"uv": [7, 5.5, 6.5, 6], "texture": "#0", "tintindex": 0},
				"up": {"uv": [5.5, 5.5, 6, 5], "rotation": 90, "texture": "#0", "tintindex": 0},
				"down": {"uv": [6, 5, 6.5, 5.5], "rotation": 270, "texture": "#0", "tintindex": 0}
			}
		},
		{
			"from": [7.48, 1.52999, 14.85814],
			"to": [8.52, 4.56999, 18.89814],
			"rotation": {"angle": 22.5, "axis": "x", "origin": [7.52, 3.54999, 14.87814]},
			"faces": {
				"north": {"uv": [0.5, 5, 0, 6.5], "texture": "#0"},
				"east": {"uv": [2.5, 5, 0.5, 6.5], "texture": "#0"},
				"south": {"uv": [3, 5, 2.5, 6.5], "texture": "#0"},
				"west": {"uv": [5, 5, 3, 6.5], "texture": "#0"},
				"up": {"uv": [0.5, 5, 2.5, 4.5], "rotation": 90, "texture": "#0"},
				"down": {"uv": [2.5, 4.5, 4.5, 5], "rotation": 270, "texture": "#0"}
			}
		}
	],
	"groups": [
		{
			"name": "rifle",
			"origin": [6, 4, 9],
			"color": 0,
			"children": [0, 1, 2, 3, 4, 5, 6]
		}
	]
}