{
	"credit": "Made by LeftChaotix",
	"texture_size": [32, 32],
	"textures": {
		"0": "cgm:item/shotgun",
		"particle": "cgm:item/shotgun"
	},
	"elements": [
		{
			"from": [7, 1.5, 11],
			"to": [9, 4.5, 15],
			"rotation": {"angle": 0, "axis": "y", "origin": [17.5, -0.5, 21]},
			"faces": {
				"north": {"uv": [1, 5, 0, 6.5], "texture": "#0", "tintindex": 0},
				"east": {"uv": [3, 5, 1, 6.5], "texture": "#0", "tintindex": 0},
				"south": {"uv": [4, 5, 3, 6.5], "texture": "#0", "tintindex": 0},
				"west": {"uv": [6, 5, 4, 6.5], "texture": "#0", "tintindex": 0},
				"up": {"uv": [1, 5, 3, 4], "rotation": 90, "texture": "#0", "tintindex": 0},
				"down": {"uv": [3, 4, 5, 5], "rotation": 270, "texture": "#0", "tintindex": 0}
			}
		},
		{
			"from": [7, 1.5, 14],
			"to": [9, 2.5, 15],
			"rotation": {"angle": 0, "axis": "y", "origin": [17.5, -0.5, 21]},
			"faces": {
				"east": {"uv": [13.5, 1.5, 13, 2], "texture": "#0"},
				"south": {"uv": [14.5, 1.5, 13.5, 2], "texture": "#0"},
				"west": {"uv": [15, 1.5, 14.5, 2], "texture": "#0"},
				"down": {"uv": [13.5, 0.5, 14, 1.5], "rotation": 270, "texture": "#0"}
			}
		},
		{
			"from": [6.96, 1.46, 1.96],
			"to": [9.04, 3.54, 8.04],
			"rotation": {"angle": 0, "axis": "y", "origin": [17.5, -0.5, 21]},
			"faces": {
				"north": {"uv": [1, 3, 0, 4], "texture": "#0"},
				"east": {"uv": [4, 3, 1, 4], "texture": "#0"},
				"south": {"uv": [5, 3, 4, 4], "texture": "#0"},
				"west": {"uv": [8, 3, 5, 4], "texture": "#0"},
				"up": {"uv": [1, 3, 4, 2], "rotation": 90, "texture": "#0"},
				"down": {"uv": [4, 2, 7, 3], "rotation": 270, "texture": "#0"}
			}
		},
		{
			"from": [7.5, -0.04604, 16.73247],
			"to": [8.5, 2.95396, 18.73247],
			"rotation": {"angle": 0, "axis": "y", "origin": [7.96, 4.45396, 14.73247]},
			"faces": {
				"north": {"uv": [6, 6.5, 5.5, 8], "texture": "#0"},
				"east": {"uv": [7, 6.5, 6, 8], "texture": "#0"},
				"south": {"uv": [7.5, 6.5, 7, 8], "texture": "#0"},
				"west": {"uv": [8.5, 6.5, 7.5, 8], "texture": "#0"},
				"up": {"uv": [6, 6.5, 7, 6], "rotation": 90, "texture": "#0"},
				"down": {"uv": [7, 6, 8, 6.5], "rotation": 270, "texture": "#0"}
			}
		},
		{
			"from": [8, 0, 13],
			"to": [8, 2, 16],
			"rotation": {"angle": 0, "axis": "y", "origin": [8, 3.5, 15]},
			"faces": {
				"north": {"uv": [0, 6.5, 0, 7.5], "texture": "#0", "tintindex": 0},
				"east": {"uv": [1.5, 6.5, 0, 7.5], "texture": "#0", "tintindex": 0},
				"south": {"uv": [1.5, 6.5, 1.5, 7.5], "texture": "#0", "tintindex": 0},
				"west": {"uv": [3, 6.5, 1.5, 7.5], "texture": "#0", "tintindex": 0},
				"up": {"uv": [0, 6.5, 1.5, 6.5], "rotation": 90, "texture": "#0", "tintindex": 0},
				"down": {"uv": [1.5, 6.5, 3, 6.5], "rotation": 270, "texture": "#0", "tintindex": 0}
			}
		},
		{
			"from": [7, 2.5, 1],
			"to": [9, 4.5, 11],
			"rotation": {"angle": 0, "axis": "y", "origin": [17.5, -0.5, 21]},
			"faces": {
				"north": {"uv": [1, 1, 0, 2], "texture": "#0", "tintindex": 0},
				"east": {"uv": [6, 1, 1, 2], "texture": "#0", "tintindex": 0},
				"south": {"uv": [7, 1, 6, 2], "texture": "#0", "tintindex": 0},
				"west": {"uv": [12, 1, 7, 2], "texture": "#0", "tintindex": 0},
				"up": {"uv": [1, 1, 6, 0], "rotation": 90, "texture": "#0", "tintindex": 0},
				"down": {"uv": [6, 0, 11, 1], "rotation": 270, "texture": "#0", "tintindex": 0}
			}
		},
		{
			"from": [7.48, 1.52999, 14.60814],
			"to": [8.52, 4.56999, 18.64814],
			"rotation": {"angle": 22.5, "axis": "x", "origin": [7.52, 3.54999, 14.62814]},
			"faces": {
				"north": {"uv": [6.5, 4.5, 6, 6], "texture": "#0"},
				"east": {"uv": [8.5, 4.5, 6.5, 6], "texture": "#0"},
				"south": {"uv": [9, 4.5, 8.5, 6], "texture": "#0"},
				"west": {"uv": [11, 4.5, 9, 6], "texture": "#0"},
				"up": {"uv": [6.5, 4.5, 8.5, 4], "rotation": 90, "texture": "#0"},
				"down": {"uv": [8.5, 4, 10.5, 4.5], "rotation": 270, "texture": "#0"}
			}
		}
	],
	"groups": [
		{
			"name": "shotgun",
			"origin": [6, 4, 9],
			"color": 0,
			"children": [0, 1, 2, 3, 4, 5, 6]
		}
	]
}