{
  "has_precipitation": true,
  "temperature": 0.5,
  "downfall": 0.5,
  "effects": {
    "ambient_sound": "zombie_extreme:biome_geiger_counter",
    "mood_sound": {
      "sound": "zombie_extreme:biome_mood_sound_cave",
      "tick_delay": 3000,
      "offset": 8,
      "block_search_extent": 2
    },
    "music": {
      "sound": "zombie_extreme:biome_wind_sound_radiation",
      "min_delay": 12000,
      "max_delay": 24000,
      "replace_current_music": true
    },
    "particle": {
      "options": {
        "type": "ash"
      },
      "probability": 0.005
    },
    "foliage_color": -13158105,
    "grass_color": -13158105,
    "sky_color": -8692404,
    "fog_color": -8692404,
    "water_color": -12100265,
    "water_fog_color": -12100265
  },
  "spawners": {
    "monster": [
      {
        "type": "zombie_extreme:clicker",
        "weight": 30,
        "minCount": 1,
        "maxCount": 1
      },
      {
        "type": "zombie_extreme:deleted_mod_element",
        "weight": 40,
        "minCount": 1,
        "maxCount": 1
      },
      {
        "type": "zombie_extreme:goon",
        "weight": 15,
        "minCount": 1,
        "maxCount": 1
      },
      {
        "type": "zombie_extreme:rat_king",
        "weight": 5,
        "minCount": 1,
        "maxCount": 1
      },
      {
        "type": "zombie_extreme:revived",
        "weight": 10,
        "minCount": 1,
        "maxCount": 1
      },
      {
        "type": "zombie_extreme:deleted_mod_element",
        "weight": 5,
        "minCount": 1,
        "maxCount": 1
      },
      {
        "type": "zombie_extreme:faceless",
        "weight": 20,
        "minCount": 1,
        "maxCount": 1
      },
      {
        "type": "zombie_extreme:fetus",
        "weight": 12,
        "minCount": 1,
        "maxCount": 1
      }
    ],
    "creature": [],
    "ambient": [],
    "axolotls": [],
    "underground_water_creature": [],
    "water_creature": [],
    "water_ambient": [],
    "misc": []
  },
  "spawn_costs": {},
  "carvers": {
    "air": [
      "minecraft:cave",
      "minecraft:cave_extra_underground",
      "minecraft:canyon"
    ]
  },
  "features": [
    [],
    [
      "minecraft:lake_lava_underground"
    ],
    [
      "minecraft:forest_rock"
    ],
    [],
    [],
    [],
    [
      "minecraft:ore_coal_upper",
      "minecraft:ore_coal_lower",
      "minecraft:ore_iron_upper",
      "minecraft:ore_iron_middle",
      "minecraft:ore_iron_small",
      "minecraft:ore_gold",
      "minecraft:ore_gold_lower",
      "minecraft:ore_redstone",
      "minecraft:ore_redstone_lower",
      "minecraft:ore_diamond",
      "minecraft:ore_diamond_large",
      "minecraft:ore_diamond_buried",
      "minecraft:ore_lapis",
      "minecraft:ore_lapis_buried",
      "minecraft:ore_copper",
      "minecraft:underwater_magma"
    ],
    [],
    [],
    [],
    []
  ]
}