{
  "type": "minecraft:chest",  
  "pools": [
    {
      "rolls": {
        "min": 1, 
        "max": 1  
      },
      "entries": [
        {
          "type": "minecraft:item",
          "name": "artifacts:anglers_hat",          
          "weight": 10,
          "functions": [
            {
              "function": "set_count",
              "count": {
                "min": 1,
                "max": 1
              }
            }
          ]       
        },
        {
          "type": "minecraft:item",
          "name": "artifacts:antidote_vessel",
          "weight": 10
        },
        {
          "type": "minecraft:item",
          "name": "artifacts:aqua_dashers",
          "weight": 10
        },
        {
          "type": "minecraft:item",
          "name": "artifacts:bunny_hoppers",
          "weight": 10
        },
        {
          "type": "minecraft:item",
          "name": "artifacts:charm_of_sinking",
          "weight": 10
        },
        {
          "type": "minecraft:item",
          "name": "artifacts:chorus_totem",
          "weight": 10
        },
        {
          "type": "minecraft:item",
          "name": "artifacts:cloud_in_a_bottle",
          "weight": 10
        },
        {
          "type": "minecraft:item",
          "name": "artifacts:cowboy_hat",
          "weight": 10
        },
        {
          "type": "minecraft:item",
          "name": "artifacts:cross_necklace",
          "weight": 10
        },
        {
          "type": "minecraft:item",
          "name": "artifacts:crystal_heart",
          "weight": 10
        },
        {
          "type": "minecraft:item",
          "name": "artifacts:digging_claws",
          "weight": 10
        },
        {
          "type": "minecraft:item",
          "name": "artifacts:eternal_steak",
          "weight": 10
        },
        {
          "type": "minecraft:item",
          "name": "artifacts:everlasting_beef",
          "weight": 10
        },
        {
          "type": "minecraft:item",
          "name": "artifacts:feral_claws",
          "weight": 10
        },
        {
          "type": "minecraft:item",
          "name": "artifacts:fire_gauntlet",
          "weight": 10
        },
        {
          "type": "minecraft:item",
          "name": "artifacts:flame_pendant",
          "weight": 10
        },
        {
          "type": "minecraft:item",
          "name": "artifacts:flippers",
          "weight": 10
        },
        {
          "type": "minecraft:item",
          "name": "artifacts:golden_hook",
          "weight": 10
        },
        {
          "type": "minecraft:item",
          "name": "artifacts:helium_flamingo",
          "weight": 10
        },
        {
          "type": "minecraft:item",
          "name": "artifacts:kitty_slippers",
          "weight": 10
        },
        {
          "type": "minecraft:item",
          "name": "artifacts:lucky_scarf",
          "weight": 10
        },
        {
          "type": "minecraft:item",
          "name": "artifacts:mimic_spawn_egg",
          "weight": 10
        },
        {
          "type": "minecraft:item",
          "name": "artifacts:night_vision_goggles",
          "weight": 10
        },
        {
          "type": "minecraft:item",
          "name": "artifacts:novelty_drinking_hat",
          "weight": 10
        },
        {
          "type": "minecraft:item",
          "name": "artifacts:obsidian_skull",
          "weight": 10
        },
        {
          "type": "minecraft:item",
          "name": "artifacts:onion_ring",
          "weight": 10
        },
        {
          "type": "minecraft:item",
          "name": "artifacts:panic_necklace",
          "weight": 10
        },
        {
          "type": "minecraft:item",
          "name": "artifacts:pickaxe_heater",
          "weight": 10
        },
        {
          "type": "minecraft:item",
          "name": "artifacts:plastic_drinking_hat",
          "weight": 10
        },
        {
          "type": "minecraft:item",
          "name": "artifacts:pocket_piston",
          "weight": 10
        },
        {
          "type": "minecraft:item",
          "name": "artifacts:power_glove",
          "weight": 10
        },
        {
          "type": "minecraft:item",
          "name": "artifacts:rooted_boots",
          "weight": 10
        },
        {
          "type": "minecraft:item",
          "name": "artifacts:running_shoes",
          "weight": 10
        },
        {
          "type": "minecraft:item",
          "name": "artifacts:scarf_of_invisibility",
          "weight": 10
        },
        {
          "type": "minecraft:item",
          "name": "artifacts:shock_pendant",
          "weight": 10
        },
        {
          "type": "minecraft:item",
          "name": "artifacts:snorkel",
          "weight": 10
        },
        {
          "type": "minecraft:item",
          "name": "artifacts:snowshoes",
          "weight": 10
        },
        {
          "type": "minecraft:item",
          "name": "artifacts:steadfast_spikes",
          "weight": 10
        },
        {
          "type": "minecraft:item",
          "name": "artifacts:superstitious_hat",
          "weight": 10
        },
        {
          "type": "minecraft:item",
          "name": "artifacts:thorn_pendant",
          "weight": 10
        },
        {
          "type": "minecraft:item",
          "name": "artifacts:umbrella",
          "weight": 10
        },
        {
          "type": "minecraft:item",
          "name": "artifacts:umbrella_blocking",
          "weight": 10
        },
        {
          "type": "minecraft:item",
          "name": "artifacts:umbrella_gui",
          "weight": 10
        },
        {
          "type": "minecraft:item",
          "name": "artifacts:umbrella_held_blocking",
          "weight": 10
        },
        {
          "type": "minecraft:item",
          "name": "artifacts:umbrella_held_idle",
          "weight": 10
        },
        {
          "type": "minecraft:item",
          "name": "artifacts:umbrella_idle",
          "weight": 10
        },
        {
          "type": "minecraft:item",
          "name": "artifacts:universal_attractor",
          "weight": 10
        },
        {
          "type": "minecraft:item",
          "name": "artifacts:vampiric_glove",
          "weight": 10
        },
        {
          "type": "minecraft:item",
          "name": "artifacts:villager_hat",
          "weight": 10
        },
        {
          "type": "minecraft:item",
          "name": "artifacts:whoopee_cushion",
          "weight": 10
        }
      ]
    }
  ],
  "random_sequence": "minecraft:chests/birdsnest_loot"
}
