{
	"parent": "builtin/entity",
	"display": {
		"thirdperson_righthand": {
			"translation": [0, 7, -6.25]
		},
		"firstperson_righthand": {
			"translation": [-4.5, 8.5, 0],
			"scale": [0.8, 0.8, 0.8]
		},
		"ground": {
			"translation": [0, 5, -1],
			"scale": [0.4, 0.4, 0.4]
		},
		"gui": {
			"rotation": [30, -125, 0],
			"translation": [1.25, 2.75, 0],
			"scale": [0.8, 0.8, 0.8]
		},
		"head": {
			"translation": [0, 6.25, 4]
		},
		"fixed": {
			"rotation": [0, 90, 0],
			"translation": [-3.25, 11.25, -2],
			"scale": [1.5, 1.5, 1.5]
		}
	}
}