{
	"parent": "builtin/entity",
	"display": {
		"thirdperson_righthand": {
			"translation": [0, 6.5, 1.75],
			"scale": [-1, 1, 1]
		},
		"firstperson_righthand": {
			"translation": [-3.5, 7.5, 5.25],
			"scale": [-0.6, 0.6, 0.6]
		},
		"ground": {
			"translation": [0, 5, -0.25],
			"scale": [0.4, 0.4, 0.4]
		},
		"gui": {
			"rotation": [30, -125, 0],
			"translation": [1.5, 1.25, 0],
			"scale": [0.65, 0.65, 0.65]
		},
		"head": {
			"rotation": [90, 0, 0],
			"translation": [0, 21.25, 2]
		},
		"fixed": {
			"rotation": [0, 90, 0],
			"translation": [-2, 8.75, -2],
			"scale": [1.5, 1.5, 1.5]
		}
	}
}