{
    "parent": "builtin/entity",
    "display": {
		"thirdperson_righthand": {
			"translation": [0, 6.25, -5.75]
		},
		"firstperson_righthand": {
			"translation": [-1, 7, 0.25],
			"scale": [0.8, 0.8, 0.8]
		},
		"ground": {
			"translation": [0, 5, 0],
			"scale": [0.4, 0.4, 0.4]
		},
		"gui": {
			"rotation": [30, -125, 0],
			"translation": [1, 2, 0],
			"scale": [0.6, 0.6, 0.6]
		},
		"head": {
			"translation": [0, 0.5, -4]
		},
		"fixed": {
			"rotation": [0, 90, 0],
			"translation": [-2, 10, -2],
			"scale": [1.5, 1.5, 1.5]
		}
	}
}