{
	"parent": "builtin/entity",
	"display": {
		"thirdperson_righthand": {
			"translation": [0, 6.5, -7]
		},
		"firstperson_righthand": {
			"translation": [-4, 8.5, 0],
			"scale": [0.8, 0.8, 0.8]
		},
		"ground": {
			"translation": [0, 5, -3.25],
			"scale": [0.4, 0.4, 0.4]
		},
		"gui": {
			"rotation": [30, -125, 0],
			"translation": [0.5, 2.25, 0],
			"scale": [0.6, 0.6, 0.6]
		},
		"head": {
			"translation": [0, 10.5, -7.75]
		},
		"fixed": {
			"rotation": [0, 90, 0],
			"translation": [-3.25, 10.75, -2],
			"scale": [1.5, 1.5, 1.5]
		}
	}
}