{
	"credit": "Made by LeftChaotix",
	"texture_size": [8, 8],
	"textures": {
		"1": "cgm:item/light_grip",
		"particle": "cgm:item/light_grip"
	},
	"elements": [
		{
			"from": [6.94, 5.94, 5.94],
			"to": [9.06, 8.06, 10.06],
			"faces": {
				"north": {"uv": [0, 4, 4, 8], "texture": "#1"},
				"east": {"uv": [4, 8, 12, 12], "texture": "#1"},
				"south": {"uv": [0, 0, 4, 4], "texture": "#1"},
				"west": {"uv": [4, 4, 12, 8], "texture": "#1"},
				"up": {"uv": [4, 0, 12, 4], "texture": "#1"},
				"down": {"uv": [4, 8, 12, 12], "rotation": 90, "texture": "#1"}
			}
		}
	],
	"display": {
		"thirdperson_righthand": {
			"rotation": [90, 0, 0],
			"translation": [0, 0.75, 1.75]
		},
		"thirdperson_lefthand": {
			"rotation": [90, 0, 0],
			"translation": [0, 0.75, 1.75]
		},
		"firstperson_righthand": {
			"translation": [-3.5, 5.25, 5.75]
		},
		"firstperson_lefthand": {
			"translation": [-3.5, 5.25, 5.75]
		},
		"ground": {
			"translation": [0, -0.25, 0],
			"scale": [0.4, 0.4, 0.4]
		},
		"gui": {
			"rotation": [30, -125, 0],
			"translation": [-0.25, 1, 0],
			"scale": [1.15, 1.15, 1.15]
		},
		"head": {
			"translation": [0, -1.25, -8.25]
		},
		"fixed": {
			"rotation": [0, 90, 0],
			"translation": [-0.25, 1.25, -1.75],
			"scale": [2, 2, 2]
		}
	}
}