{
	"credit": "Made by LeftChaotix",
	"textures": {
		"1": "cgm:item/light_stock",
		"particle": "cgm:item/light_stock"
	},
	"elements": [
		{
			"from": [7.46, 6.96, 8],
			"to": [8.54, 9.04, 14.08],
			"rotation": {"angle": 0, "axis": "y", "origin": [17.54, -4.71, 17.04]},
			"faces": {
				"north": {"uv": [1, 1, 0, 3], "texture": "#1", "tintindex": 0},
				"east": {"uv": [7, 1, 1, 3], "texture": "#1", "tintindex": 0},
				"south": {"uv": [8, 1, 7, 3], "texture": "#1", "tintindex": 0},
				"west": {"uv": [14, 1, 8, 3], "texture": "#1", "tintindex": 0},
				"up": {"uv": [1, 1, 7, 0], "rotation": 90, "texture": "#1", "tintindex": 0},
				"down": {"uv": [7, 0, 13, 1], "rotation": 270, "texture": "#1", "tintindex": 0}
			}
		},
		{
			"from": [7.46, 4.96, 14],
			"to": [8.54, 9.04, 17.08],
			"rotation": {"angle": 0, "axis": "y", "origin": [17.54, -4.71, 17.04]},
			"faces": {
				"east": {"uv": [4, 4, 1, 8], "texture": "#1", "tintindex": 0},
				"south": {"uv": [5, 4, 4, 8], "texture": "#1", "tintindex": 0},
				"west": {"uv": [8, 4, 5, 8], "texture": "#1", "tintindex": 0},
				"up": {"uv": [1, 4, 4, 3], "rotation": 90, "texture": "#1", "tintindex": 0},
				"down": {"uv": [4, 3, 7, 4], "rotation": 270, "texture": "#1", "tintindex": 0}
			}
		},
		{
			"from": [7.5, 7.43788, 8.01788],
			"to": [8.5, 9.43788, 11.01788],
			"rotation": {"angle": 45, "axis": "x", "origin": [8.08, 2.5992, 9.51788]},
			"faces": {
				"east": {"uv": [11, 8, 8, 10], "texture": "#1", "tintindex": 0},
				"south": {"uv": [12, 8, 11, 10], "texture": "#1", "tintindex": 0},
				"west": {"uv": [15, 8, 12, 10], "texture": "#1", "tintindex": 0},
				"up": {"uv": [8, 8, 11, 7], "rotation": 90, "texture": "#1", "tintindex": 0},
				"down": {"uv": [11, 7, 14, 8], "rotation": 270, "texture": "#1", "tintindex": 0}
			}
		}
	],
	"display": {
		"thirdperson_righthand": {
			"rotation": [-86, 0, 0],
			"translation": [0, -3, 0]
		},
		"thirdperson_lefthand": {
			"rotation": [-86, 0, 0],
			"translation": [0, -3, 0]
		},
		"firstperson_righthand": {
			"rotation": [-85, 0, 0]
		},
		"firstperson_lefthand": {
			"rotation": [-85, 0, 0]
		},
		"ground": {
			"translation": [0, 0, -2],
			"scale": [0.4, 0.4, 0.4]
		},
		"gui": {
			"rotation": [30, -125, 0],
			"translation": [4.25, -1.25, 0],
			"scale": [1.15, 1.15, 1.15]
		},
		"head": {
			"translation": [0, 4.75, 6.25],
			"scale": [1.5, 1.5, 1.5]
		},
		"fixed": {
			"rotation": [0, 90, 0],
			"translation": [-9.25, 0, 0],
			"scale": [2, 2, 2]
		}
	},
	"groups": [
		{
			"name": "tactical stock",
			"origin": [-3.14329, -2.92157, -0.5],
			"color": 0,
			"children": [0, 1, 2]
		}
	]
}