{
	"credit": "Made by LeftChaotix",
	"textures": {
		"1": "cgm:item/long_scope",
		"2": "cgm:effect/long_scope_reticle",
		"particle": "cgm:item/long_scope"
	},
	"elements": [
		{
			"from": [7.5, 8, 6.5],
			"to": [8.5, 9, 9.5],
			"rotation": {"angle": 0, "axis": "y", "origin": [0, 0, 16]},
			"faces": {
				"north": {"uv": [1, 9, 0, 10], "texture": "#1", "tintindex": 0},
				"east": {"uv": [4, 9, 1, 10], "texture": "#1", "tintindex": 0},
				"south": {"uv": [5, 9, 4, 10], "texture": "#1", "tintindex": 0},
				"west": {"uv": [8, 9, 5, 10], "texture": "#1", "tintindex": 0},
				"up": {"uv": [1, 9, 4, 8], "rotation": 90, "texture": "#1", "tintindex": 0},
				"down": {"uv": [4, 8, 7, 9], "rotation": 270, "texture": "#1", "tintindex": 0}
			}
		},
		{
			"from": [7, 9, 8.5],
			"to": [7.25, 11, 13.5],
			"rotation": {"angle": 0, "axis": "y", "origin": [2.25, 0, 0.5]},
			"faces": {
				"north": {"uv": [0, 6, 2, 8], "texture": "#1", "tintindex": 0},
				"east": {"uv": [12, 4, 14, 6], "texture": "#1"},
				"south": {"uv": [7, 6, 9, 8], "texture": "#1", "tintindex": 0},
				"west": {"uv": [2, 6, 7, 8], "texture": "#1", "tintindex": 0}
			}
		},
		{
			"from": [8.75, 9, 8.5],
			"to": [9, 11, 13.5],
			"rotation": {"angle": 0, "axis": "y", "origin": [2.25, 0, 0.5]},
			"faces": {
				"north": {"uv": [0, 6, 2, 8], "texture": "#1", "tintindex": 0},
				"east": {"uv": [9, 6, 14, 8], "texture": "#1", "tintindex": 0},
				"south": {"uv": [7, 6, 9, 8], "texture": "#1", "tintindex": 0},
				"west": {"uv": [12, 4, 14, 6], "texture": "#1"}
			}
		},
		{
			"from": [7, 9, 8.5],
			"to": [9, 9.25, 13.5],
			"rotation": {"angle": 0, "axis": "y", "origin": [2.25, 0, 0.5]},
			"faces": {
				"north": {"uv": [0, 6, 2, 8], "texture": "#1", "tintindex": 0},
				"south": {"uv": [7, 6, 9, 8], "texture": "#1", "tintindex": 0},
				"up": {"uv": [12, 4, 14, 6], "texture": "#1"},
				"down": {"uv": [7, 4, 12, 6], "rotation": 270, "texture": "#1", "tintindex": 0}
			}
		},
		{
			"from": [7, 10.75, 8.5],
			"to": [9, 11, 13.5],
			"rotation": {"angle": 0, "axis": "y", "origin": [2.25, 0, 0.5]},
			"faces": {
				"north": {"uv": [0, 6, 2, 8], "texture": "#1", "tintindex": 0},
				"south": {"uv": [7, 6, 9, 8], "texture": "#1", "tintindex": 0},
				"up": {"uv": [2, 4, 7, 6], "rotation": 90, "texture": "#1", "tintindex": 0},
				"down": {"uv": [12, 4, 14, 6], "texture": "#1"}
			}
		},
		{
			"from": [6.9, 8.9, 2.4],
			"to": [7.1, 11.1, 8.6],
			"rotation": {"angle": 0, "axis": "y", "origin": [2.25, 0, 0.5]},
			"faces": {
				"north": {"uv": [0, 2, 2, 4], "texture": "#1", "tintindex": 0},
				"east": {"uv": [14, 4, 16, 6], "texture": "#1"},
				"south": {"uv": [8, 2, 10, 4], "texture": "#1", "tintindex": 0},
				"west": {"uv": [2, 2, 8, 4], "texture": "#1", "tintindex": 0}
			}
		},
		{
			"from": [8.9, 8.9, 2.4],
			"to": [9.1, 11.1, 8.6],
			"rotation": {"angle": 0, "axis": "y", "origin": [2.25, 0, 0.5]},
			"faces": {
				"north": {"uv": [0, 2, 2, 4], "texture": "#1", "tintindex": 0},
				"east": {"uv": [10, 2, 16, 4], "texture": "#1", "tintindex": 0},
				"south": {"uv": [8, 2, 10, 4], "texture": "#1", "tintindex": 0},
				"west": {"uv": [14, 4, 16, 6], "texture": "#1"}
			}
		},
		{
			"from": [6.9, 8.9, 2.4],
			"to": [9.1, 9.1, 8.6],
			"rotation": {"angle": 0, "axis": "y", "origin": [2.25, 0, 0.5]},
			"faces": {
				"north": {"uv": [0, 2, 2, 4], "texture": "#1", "tintindex": 0},
				"south": {"uv": [8, 2, 10, 4], "texture": "#1", "tintindex": 0},
				"up": {"uv": [14, 4, 16, 6], "texture": "#1"},
				"down": {"uv": [8, 0, 14, 2], "rotation": 270, "texture": "#1", "tintindex": 0}
			}
		},
		{
			"from": [6.9, 10.9, 2.4],
			"to": [9.1, 11.1, 8.6],
			"rotation": {"angle": 0, "axis": "y", "origin": [2.25, 0, 0.5]},
			"faces": {
				"north": {"uv": [0, 2, 2, 4], "texture": "#1", "tintindex": 0},
				"south": {"uv": [8, 2, 10, 4], "texture": "#1", "tintindex": 0},
				"up": {"uv": [2, 0, 8, 2], "rotation": 90, "texture": "#1", "tintindex": 0},
				"down": {"uv": [14, 4, 16, 6], "texture": "#1"}
			}
		},
		{
			"from": [7, 9, 7.499],
			"to": [9, 11, 7.499],
			"rotation": {"angle": 0, "axis": "y", "origin": [0.05, 0.15, 0.499]},
			"faces": {
				"south": {"uv": [0, 0, 15.875, 15.875], "texture": "#2"}
			}
		},
		{
			"from": [7.975, 9.975, 7.75],
			"to": [8.025, 10.025, 7.75],
			"rotation": {"angle": 0, "axis": "y", "origin": [0, 0.075, -0.255]},
			"faces": {
				"south": {"uv": [15.375, 15.375, 16, 16], "texture": "#2", "tintindex": 2}
			}
		},
		{
			"from": [7, 9, 2.5],
			"to": [9, 11, 2.5],
			"faces": {
				"north": {"uv": [0, 0, 2, 2], "texture": "#1"},
				"east": {"uv": [0, 0, 0, 2], "texture": "#missing"},
				"west": {"uv": [0, 0, 0, 2], "texture": "#missing"},
				"up": {"uv": [0, 0, 2, 0], "texture": "#missing"},
				"down": {"uv": [0, 0, 2, 0], "texture": "#missing"}
			}
		},
		{
			"from": [8, 10, 14],
			"to": [8, 10, 14],
			"color": 0,
			"faces": {
				"north": {"uv": [0, 0, 0, 0], "texture": "#missing"},
				"east": {"uv": [0, 0, 0, 0], "texture": "#missing"},
				"south": {"uv": [0, 0, 0, 0], "texture": "#missing"},
				"west": {"uv": [0, 0, 0, 0], "texture": "#missing"},
				"up": {"uv": [0, 0, 0, 0], "texture": "#missing"},
				"down": {"uv": [0, 0, 0, 0], "texture": "#missing"}
			}
		}
	],
	"display": {
		"thirdperson_righthand": {
			"rotation": [0, 0, -90],
			"translation": [2, -2, 5.5]
		},
		"thirdperson_lefthand": {
			"rotation": [0, 0, -90],
			"translation": [2, -2, 5.5]
		},
		"firstperson_righthand": {
			"rotation": [-16, -3, 20],
			"translation": [-4, 3.25, 3.25]
		},
		"firstperson_lefthand": {
			"rotation": [-16, -3, 20],
			"translation": [-4, 3.25, 3.25]
		},
		"ground": {
			"scale": [0.4, 0.4, 0.4]
		},
		"gui": {
			"rotation": [30, -125, 0],
			"translation": [0, -3, 0],
			"scale": [1.15, 1.15, 1.15]
		},
		"head": {
			"rotation": [0, 0, 90],
			"translation": [-6.5, -0.5, -0.5],
			"scale": [1.5, 1.5, 1.5]
		},
		"fixed": {
			"rotation": [0, 90, 0],
			"translation": [-0.25, -3.5, -2.5],
			"scale": [2, 2, 2]
		}
	},
	"groups": [
		{
			"name": "long scope",
			"origin": [0, 0, 0],
			"color": 0,
			"children": [
				0,
				{
					"name": "back",
					"origin": [8, 8, 8],
					"color": 0,
					"children": [1, 2, 3, 4]
				},
				{
					"name": "front",
					"origin": [8, 8, 8],
					"color": 0,
					"children": [5, 6, 7, 8, 9, 10, 11, 12]
				}
			]
		}
	]
}