{
    "parent": "builtin/entity",
    "display": {
		"thirdperson_righthand": {
			"rotation": [22.5, 0, 0],
			"translation": [0, 8.75, -3]
		},
		"firstperson_righthand": {
			"translation": [-4, 8.5, 0],
			"scale": [0.8, 0.8, 0.8]
		},
		"ground": {
			"translation": [0, 5, -5.5],
			"scale": [0.4, 0.4, 0.4]
		},
		"gui": {
			"rotation": [30, -125, 0],
			"translation": [2.25, 2.25, 0],
			"scale": [0.7, 0.7, 0.7]
		},
		"head": {
			"translation": [0, 12.5, -11.25]
		},
		"fixed": {
			"rotation": [0, 90, 0],
			"translation": [-7.75, 10.5, -0.75],
			"scale": [1.5, 1.5, 1.5]
		}
	}
}