{
	"parent": "builtin/entity",
	"display": {
		"thirdperson_righthand": {
			"rotation": [75, 0, 0],
			"translation": [0, 9.75, 3],
			"scale": [1.1, 1.1, 1.1]
		},
		"firstperson_righthand": {
			"translation": [0.75, 7, 0],
			"scale": [0.8, 0.8, 0.8]
		},
		"ground": {
			"translation": [0, 5, 0.25],
			"scale": [0.3, 0.3, 0.3]
		},
		"gui": {
			"rotation": [30, -125, 0],
			"translation": [-1.5, 3.5, 0],
			"scale": [0.5, 0.5, 0.5]
		},
		"head": {
			"translation": [0, 12.75, -6.5]
		},
		"fixed": {
			"rotation": [0, 90, 0],
			"translation": [2, 12, -2],
			"scale": [1.5, 1.5, 1.5]
		}
	}
}