{
	"parent": "builtin/entity",
	"display": {
		"thirdperson_righthand": {
			"rotation": [22.5, 0, 0],
			"translation": [0, 10, -4.25]
		},
		"firstperson_righthand": {
			"translation": [-3.75, 8.5, -2.25],
			"scale": [0.8, 0.8, 0.8]
		},
		"ground": {
			"translation": [0, 5, -5.75],
			"scale": [0.4, 0.4, 0.4]
		},
		"gui": {
			"rotation": [30, -125, 0],
			"translation": [2.75, 2.5, 0],
			"scale": [0.8, 0.8, 0.8]
		},
		"head": {
			"translation": [0, 12.75, -13.5]
		},
		"fixed": {
			"rotation": [0, 90, 0],
			"translation": [-9.5, 10.5, 0],
			"scale": [1.5, 1.5, 1.5]
		}
	}
}