{
	"credit": "Made by LeftChaotix",
	"textures": {
		"1": "cgm:item/short_scope",
		"2": "cgm:effect/red_dot_reticle",
		"particle": "cgm:item/short_scope"
	},
	"elements": [
		{
			"from": [7.5, 8, 6.5],
			"to": [8.5, 9, 9.5],
			"rotation": {"angle": 0, "axis": "y", "origin": [0, 0, 16]},
			"faces": {
				"north": {"uv": [1, 9, 0, 10], "texture": "#1", "tintindex": 0},
				"east": {"uv": [4, 9, 1, 10], "texture": "#1", "tintindex": 0},
				"south": {"uv": [5, 9, 4, 10], "texture": "#1", "tintindex": 0},
				"west": {"uv": [8, 9, 5, 10], "texture": "#1", "tintindex": 0},
				"up": {"uv": [1, 9, 4, 8], "rotation": 90, "texture": "#1", "tintindex": 0},
				"down": {"uv": [4, 8, 7, 9], "rotation": 270, "texture": "#1", "tintindex": 0}
			}
		},
		{
			"from": [7, 9, 5.5],
			"to": [7.25, 11, 10.5],
			"rotation": {"angle": 0, "axis": "y", "origin": [2.25, 0, 0.5]},
			"faces": {
				"north": {"uv": [0, 2, 2, 4], "texture": "#1", "tintindex": 0},
				"east": {"uv": [8, 4, 10, 6], "texture": "#1"},
				"south": {"uv": [7, 2, 9, 4], "texture": "#1", "tintindex": 0},
				"west": {"uv": [2, 2, 7, 4], "texture": "#1", "tintindex": 0}
			}
		},
		{
			"from": [8.75, 9, 5.5],
			"to": [9, 11, 10.5],
			"rotation": {"angle": 0, "axis": "y", "origin": [2.25, 0, 0.5]},
			"faces": {
				"north": {"uv": [0, 2, 2, 4], "texture": "#1", "tintindex": 0},
				"east": {"uv": [9, 2, 14, 4], "texture": "#1", "tintindex": 0},
				"south": {"uv": [7, 2, 9, 4], "texture": "#1", "tintindex": 0},
				"west": {"uv": [8, 4, 10, 6], "texture": "#1"}
			}
		},
		{
			"from": [7, 9, 5.5],
			"to": [9, 9.25, 10.5],
			"rotation": {"angle": 0, "axis": "y", "origin": [2.25, 0, 0.5]},
			"faces": {
				"north": {"uv": [0, 2, 2, 4], "texture": "#1", "tintindex": 0},
				"south": {"uv": [7, 2, 9, 4], "texture": "#1", "tintindex": 0},
				"up": {"uv": [8, 4, 10, 6], "texture": "#1"},
				"down": {"uv": [7, 0, 12, 2], "rotation": 270, "texture": "#1", "tintindex": 0}
			}
		},
		{
			"from": [7, 10.75, 5.5],
			"to": [9, 11, 10.5],
			"rotation": {"angle": 0, "axis": "y", "origin": [2.25, 0, 0.5]},
			"faces": {
				"north": {"uv": [0, 2, 2, 4], "texture": "#1", "tintindex": 0},
				"south": {"uv": [7, 2, 9, 4], "texture": "#1", "tintindex": 0},
				"up": {"uv": [2, 0, 7, 2], "rotation": 90, "texture": "#1", "tintindex": 0},
				"down": {"uv": [8, 4, 10, 6], "texture": "#1"}
			}
		},
		{
			"from": [6.9, 8.9, 5.4],
			"to": [7.1, 11.1, 8.6],
			"rotation": {"angle": 0, "axis": "y", "origin": [2.25, 0, 0.5]},
			"faces": {
				"north": {"uv": [0, 6, 2, 8], "texture": "#1", "tintindex": 0},
				"east": {"uv": [10, 4, 12, 6], "texture": "#1"},
				"south": {"uv": [5, 6, 7, 8], "texture": "#1", "tintindex": 0},
				"west": {"uv": [2, 6, 5, 8], "texture": "#1", "tintindex": 0}
			}
		},
		{
			"from": [8.9, 8.9, 5.4],
			"to": [9.1, 11.1, 8.6],
			"rotation": {"angle": 0, "axis": "y", "origin": [2.25, 0, 0.5]},
			"faces": {
				"north": {"uv": [0, 6, 2, 8], "texture": "#1", "tintindex": 0},
				"east": {"uv": [7, 6, 10, 8], "texture": "#1", "tintindex": 0},
				"south": {"uv": [5, 6, 7, 8], "texture": "#1", "tintindex": 0},
				"west": {"uv": [10, 4, 12, 6], "texture": "#1"}
			}
		},
		{
			"from": [6.9, 8.9, 5.4],
			"to": [9.1, 9.1, 8.6],
			"rotation": {"angle": 0, "axis": "y", "origin": [2.25, 0, 0.5]},
			"faces": {
				"north": {"uv": [0, 6, 2, 8], "texture": "#1", "tintindex": 0},
				"south": {"uv": [5, 6, 7, 8], "texture": "#1", "tintindex": 0},
				"up": {"uv": [10, 4, 12, 6], "texture": "#1"},
				"down": {"uv": [5, 4, 8, 6], "rotation": 270, "texture": "#1", "tintindex": 0}
			}
		},
		{
			"from": [6.9, 10.9, 5.4],
			"to": [9.1, 11.1, 8.6],
			"rotation": {"angle": 0, "axis": "y", "origin": [2.25, 0, 0.5]},
			"faces": {
				"north": {"uv": [0, 6, 2, 8], "texture": "#1", "tintindex": 0},
				"south": {"uv": [5, 6, 7, 8], "texture": "#1", "tintindex": 0},
				"up": {"uv": [2, 4, 5, 6], "rotation": 90, "texture": "#1", "tintindex": 0},
				"down": {"uv": [10, 4, 12, 6], "texture": "#1"}
			}
		},
		{
			"from": [7.95, 9.95, 8.75],
			"to": [8.05, 10.05, 8.85],
			"rotation": {"angle": 0, "axis": "y", "origin": [0, 0.075, -0.255]},
			"faces": {
				"south": {"uv": [6, 6, 10, 10], "texture": "#2"}
			}
		},
		{
			"from": [7, 9, 5.45],
			"to": [9, 11, 5.45],
			"faces": {
				"north": {"uv": [0, 0, 2, 2], "texture": "#1"},
				"east": {"uv": [0, 0, 0, 2], "texture": "#1"},
				"west": {"uv": [0, 0, 0, 2], "texture": "#1"},
				"up": {"uv": [0, 0, 2, 0], "texture": "#1"},
				"down": {"uv": [0, 0, 2, 0], "texture": "#1"}
			}
		}
	],
	"display": {
		"thirdperson_righthand": {
			"rotation": [0, 0, -90],
			"translation": [2, -2, 2.5]
		},
		"thirdperson_lefthand": {
			"rotation": [0, 0, -90],
			"translation": [2, -2, 2.5]
		},
		"firstperson_righthand": {
			"rotation": [-16, -3, 20],
			"translation": [-1.75, 3.25, 4]
		},
		"firstperson_lefthand": {
			"rotation": [-16, -3, 20],
			"translation": [-1.75, 3.25, 4]
		},
		"ground": {
			"scale": [0.4, 0.4, 0.4]
		},
		"gui": {
			"rotation": [30, -125, 0],
			"translation": [0, -2.5, 0],
			"scale": [1.15, 1.15, 1.15]
		},
		"head": {
			"rotation": [0, 0, 90],
			"translation": [-6.5, -0.5, -2.5],
			"scale": [1.5, 1.5, 1.5]
		},
		"fixed": {
			"rotation": [0, 90, 0],
			"translation": [0, -3.5, -2.5],
			"scale": [2, 2, 2]
		}
	},
	"groups": [
		{
			"name": "short scope",
			"origin": [0, 0, 0],
			"color": 0,
			"children": [
				0,
				{
					"name": "back",
					"origin": [8, 8, 8],
					"color": 0,
					"children": [1, 2, 3, 4]
				},
				{
					"name": "front",
					"origin": [8, 8, 8],
					"color": 0,
					"children": [5, 6, 7, 8, 9, 10]
				}
			]
		}
	]
}