{
	"parent": "builtin/entity",
	"display": {
		"thirdperson_righthand": {
			"translation": [0, 6, -7.5],
			"scale": [1.1, 1.1, 1.1]
		},
		"firstperson_righthand": {
			"translation": [-4, 8.5, 0],
			"scale": [0.8, 0.8, 0.8]
		},
		"ground": {
			"translation": [0, 5, -3.25],
			"scale": [0.4, 0.4, 0.4]
		},
		"gui": {
			"rotation": [30, -125, 0],
			"translation": [1.25, 2.5, 0],
			"scale": [0.7, 0.7, 0.7]
		},
		"head": {
			"translation": [0, 11.75, -10.25]
		},
		"fixed": {
			"rotation": [0, 90, 0],
			"translation": [-4, 10.25, -2],
			"scale": [1.5, 1.5, 1.5]
		}
	}
}