{
	"credit": "Made by LeftChaotix (it is a single cube LOL)",
	"texture_size": [8, 8],
	"textures": {
		"1": "cgm:item/silencer",
		"particle": "cgm:item/silencer"
	},
	"elements": [
		{
			"from": [6.9, 6.9, 1.9],
			"to": [9.1, 9.1, 8.1],
			"rotation": {"angle": 0, "axis": "y", "origin": [0, 0, 16]},
			"faces": {
				"north": {"uv": [4, 0, 0, 4], "texture": "#1", "tintindex": 0},
				"east": {"uv": [16, 4, 4, 8], "texture": "#1", "tintindex": 0},
				"south": {"uv": [4, 4, 0, 8], "texture": "#1", "tintindex": 0},
				"west": {"uv": [16, 8, 4, 12], "texture": "#1", "tintindex": 0},
				"up": {"uv": [4, 4, 16, 0], "rotation": 90, "texture": "#1", "tintindex": 0},
				"down": {"uv": [4, 12, 16, 16], "rotation": 270, "texture": "#1", "tintindex": 0}
			}
		}
	],
	"display": {
		"thirdperson_righthand": {
			"translation": [1.5, -2, 3.25]
		},
		"thirdperson_lefthand": {
			"translation": [1.5, -2, 3.25]
		},
		"firstperson_righthand": {
			"rotation": [-16, -3, 20],
			"translation": [-1.75, 3.75, 4]
		},
		"firstperson_lefthand": {
			"rotation": [-16, -3, 20],
			"translation": [-1.75, 3.75, 4]
		},
		"ground": {
			"translation": [0, 0, 1.25],
			"scale": [0.4, 0.4, 0.4]
		},
		"gui": {
			"rotation": [30, -125, 0],
			"translation": [-2, 0.25, 0],
			"scale": [1.15, 1.15, 1.15]
		},
		"head": {
			"rotation": [0, 0, 90],
			"translation": [0, 6.5, -1.75],
			"scale": [1.5, 1.5, 1.5]
		},
		"fixed": {
			"rotation": [0, 90, 0],
			"translation": [6, 0, -2.5],
			"scale": [2, 2, 2]
		}
	},
	"groups": [
		{
			"name": "silencer",
			"origin": [0, 0, 0],
			"color": 0,
			"children": [0]
		}
	]
}