{
	"credit": "Made by LeftChaotix",
	"textures": {
		"1": "cgm:item/specialized_grip",
		"particle": "cgm:item/specialized_grip"
	},
	"elements": [
		{
			"from": [6.94, 5.94, 5.94],
			"to": [9.06, 8.06, 10.06],
			"faces": {
				"north": {"uv": [4, 8, 6, 10], "texture": "#1"},
				"east": {"uv": [0, 8, 4, 10], "texture": "#1"},
				"south": {"uv": [10, 8, 12, 10], "texture": "#1"},
				"west": {"uv": [6, 8, 10, 10], "texture": "#1"},
				"up": {"uv": [10, 8, 6, 6], "rotation": 90, "texture": "#1"},
				"down": {"uv": [2, 8, 6, 6], "rotation": 90, "texture": "#1"}
			}
		},
		{
			"from": [7, 2, 7],
			"to": [9, 6, 9],
			"faces": {
				"north": {"uv": [4, 2, 6, 6], "texture": "#1"},
				"east": {"uv": [8, 2, 6, 6], "texture": "#1"},
				"south": {"uv": [0, 2, 2, 6], "texture": "#1"},
				"west": {"uv": [4, 2, 2, 6], "texture": "#1"},
				"up": {"uv": [4, 2, 2, 0], "texture": "#1"},
				"down": {"uv": [6, 0, 4, 2], "texture": "#1"}
			}
		}
	],
	"display": {
		"thirdperson_righthand": {
			"rotation": [90, 0, 0],
			"translation": [0, 0.75, 1.75]
		},
		"thirdperson_lefthand": {
			"rotation": [90, 0, 0],
			"translation": [0, 0.75, 1.75]
		},
		"firstperson_righthand": {
			"translation": [-3.5, 5.25, 5.75]
		},
		"firstperson_lefthand": {
			"translation": [-3.5, 5.25, 5.75]
		},
		"ground": {
			"translation": [0, -0.25, 0],
			"scale": [0.4, 0.4, 0.4]
		},
		"gui": {
			"rotation": [30, -125, 0],
			"translation": [-0.25, 2.25, 0],
			"scale": [1.15, 1.15, 1.15]
		},
		"head": {
			"rotation": [0, 90, 0],
			"translation": [0, -6.5, -5.25]
		},
		"fixed": {
			"rotation": [0, 90, 0],
			"translation": [-0.25, 5.75, -1.75],
			"scale": [2, 2, 2]
		}
	}
}