{
	"credit": "Model by MrCrayfish (https://twitter.com/MrCrayfish) using Blockbench",
	"parent": "cgm:item/grenade",
	"textures": {
		"1": "cgm:item/stun_grenade",
		"particle": "cgm:item/stun_grenade"
	},
	"elements": [
		{
			"name": "Base Top",
			"from": [6.5, 4, 6.5],
			"to": [9.5, 5, 9.5],
			"rotation": {"angle": 0, "axis": "y", "origin": [8, 11, 8]},
			"faces": {
				"north": {"uv": [3, 0, 0, 1], "texture": "#1"},
				"east": {"uv": [0, 0, 3, 1], "texture": "#1"},
				"south": {"uv": [3, 0, 0, 1], "texture": "#1"},
				"west": {"uv": [0, 0, 3, 1], "texture": "#1"},
				"up": {"uv": [3, 0, 6, 3], "texture": "#1"},
				"down": {"uv": [3, 0, 6, 3], "texture": "#1"}
			}
		},
		{
			"name": "Base Bottom",
			"from": [6.5, 0, 6.5],
			"to": [9.5, 1, 9.5],
			"rotation": {"angle": 0, "axis": "y", "origin": [8, 7, 8]},
			"faces": {
				"north": {"uv": [3, 4, 0, 5], "texture": "#1"},
				"east": {"uv": [0, 4, 3, 5], "texture": "#1"},
				"south": {"uv": [3, 4, 0, 5], "texture": "#1"},
				"west": {"uv": [0, 4, 3, 5], "texture": "#1"},
				"up": {"uv": [3, 0, 6, 3], "texture": "#1"},
				"down": {"uv": [3, 0, 6, 3], "texture": "#1"}
			}
		},
		{
			"name": "Base Middle",
			"from": [6.9, 1, 6.9],
			"to": [9.1, 4, 9.1],
			"rotation": {"angle": 0, "axis": "y", "origin": [8.3, 8, 8.3]},
			"faces": {
				"north": {"uv": [2, 1, 0, 4], "texture": "#1"},
				"east": {"uv": [0, 1, 2, 4], "texture": "#1"},
				"south": {"uv": [2, 1, 0, 4], "texture": "#1"},
				"west": {"uv": [0, 1, 2, 4], "texture": "#1"}
			}
		},
		{
			"from": [7, 5, 7],
			"to": [9, 7, 9],
			"rotation": {"angle": 0, "axis": "y", "origin": [7.6, 8, 8.4]},
			"faces": {
				"north": {"uv": [10, 0, 8, 2], "texture": "#1"},
				"east": {"uv": [8, 0, 10, 2], "texture": "#1"},
				"south": {"uv": [10, 0, 8, 2], "texture": "#1"},
				"west": {"uv": [8, 0, 10, 2], "texture": "#1"},
				"up": {"uv": [8, 2, 10, 4], "texture": "#1"}
			}
		},
		{
			"name": "Handle Top",
			"from": [7.5, 5.5, 5.3],
			"to": [8.5, 6.5, 7],
			"rotation": {"angle": -22.5, "axis": "x", "origin": [8.1, 6.5, 7]},
			"faces": {
				"east": {"uv": [10, 0, 11, 1], "texture": "#1"},
				"west": {"uv": [10, 0, 11, 1], "texture": "#1"},
				"up": {"uv": [10, 0, 11, 2], "texture": "#1"},
				"down": {"uv": [10, 0, 11, 2], "texture": "#1"}
			}
		},
		{
			"name": "Handle Bottom",
			"from": [7.5, 1.34944, 5.4294],
			"to": [8.5, 5.84944, 6.4294],
			"rotation": {"angle": 0, "axis": "y", "origin": [15.5, 12.84944, 13.4294]},
			"faces": {
				"north": {"uv": [10, 0, 11, 4], "texture": "#1"},
				"east": {"uv": [10, 0, 11, 4], "texture": "#1"},
				"south": {"uv": [10, 0, 11, 4], "texture": "#1"},
				"west": {"uv": [10, 0, 11, 4], "texture": "#1"},
				"down": {"uv": [10, 3, 11, 4], "texture": "#1"}
			}
		},
		{
			"from": [8, 4, 7],
			"to": [9, 6, 9],
			"rotation": {"angle": 45, "axis": "z", "origin": [9, 6, 8]},
			"faces": {
				"east": {"uv": [11, 0, 14, 3], "texture": "#1"}
			}
		}
	]
}