{
	"credit": "Made by LeftChaotix",
	"textures": {
		"0": "cgm:item/tactical_stock",
		"particle": "cgm:item/tactical_stock"
	},
	"elements": [
		{
			"from": [7.5, 7, 8],
			"to": [8.5, 9, 15],
			"rotation": {"angle": 0, "axis": "y", "origin": [-3, -4.75, 14]},
			"faces": {
				"north": {"uv": [1, 1, 0, 3], "texture": "#0"},
				"east": {"uv": [8, 1, 1, 3], "texture": "#0"},
				"south": {"uv": [9, 1, 8, 3], "texture": "#0"},
				"west": {"uv": [16, 1, 9, 3], "texture": "#0"},
				"up": {"uv": [1, 1, 8, 0], "rotation": 90, "texture": "#0"},
				"down": {"uv": [8, 0, 15, 1], "rotation": 270, "texture": "#0"}
			}
		},
		{
			"from": [7.5, 5, 15],
			"to": [8.5, 9, 17],
			"rotation": {"angle": 0, "axis": "y", "origin": [-3, -4.75, 14]},
			"faces": {
				"north": {"uv": [1, 4, 0, 8], "texture": "#0"},
				"east": {"uv": [3, 4, 1, 8], "texture": "#0"},
				"south": {"uv": [4, 4, 3, 8], "texture": "#0"},
				"west": {"uv": [6, 4, 4, 8], "texture": "#0"},
				"up": {"uv": [1, 4, 3, 3], "rotation": 90, "texture": "#0"},
				"down": {"uv": [3, 3, 5, 4], "rotation": 270, "texture": "#0"}
			}
		}
	],
	"display": {
		"thirdperson_righthand": {
			"rotation": [-86, 0, 0],
			"translation": [0, -3, 0]
		},
		"thirdperson_lefthand": {
			"rotation": [-86, 0, 0],
			"translation": [0, -3, 0]
		},
		"firstperson_righthand": {
			"rotation": [-85, 0, 0]
		},
		"firstperson_lefthand": {
			"rotation": [-85, 0, 0]
		},
		"ground": {
			"translation": [0, 0, -2],
			"scale": [0.4, 0.4, 0.4]
		},
		"gui": {
			"rotation": [30, -125, 0],
			"translation": [4.25, -1.25, 0],
			"scale": [1.15, 1.15, 1.15]
		},
		"head": {
			"translation": [0, 4.75, 6.25],
			"scale": [1.5, 1.5, 1.5]
		},
		"fixed": {
			"rotation": [0, 90, 0],
			"translation": [-9.25, 0, 0],
			"scale": [2, 2, 2]
		}
	},
	"groups": [
		{
			"name": "light stock",
			"origin": [-3.14329, -2.92157, -0.5],
			"color": 0,
			"children": [0, 1]
		}
	]
}