{
	"credit": "Made by LeftChaotix",
	"textures": {
		"1": "cgm:item/weighted_stock"
	},
	"elements": [
		{
			"from": [7.48, 6.98, 7.98],
			"to": [8.52, 8.02, 14.02],
			"rotation": {"angle": 0, "axis": "y", "origin": [17.85671, -4.67157, 17]},
			"faces": {
				"north": {"uv": [1, 2, 0, 3], "texture": "#1"},
				"east": {"uv": [7, 2, 1, 3], "texture": "#1"},
				"south": {"uv": [8, 2, 7, 3], "texture": "#1"},
				"west": {"uv": [14, 2, 8, 3], "texture": "#1"},
				"down": {"uv": [7, 0, 13, 1], "rotation": 270, "texture": "#1"}
			}
		},
		{
			"from": [7.48, 7.98, 7.98],
			"to": [8.52, 9.02, 15.02],
			"rotation": {"angle": 0, "axis": "y", "origin": [17.85671, -4.67157, 17]},
			"faces": {
				"north": {"uv": [1.04, 14, 0, 15.04], "texture": "#1", "tintindex": 0},
				"east": {"uv": [8.04, 14, 1, 15.04], "texture": "#1", "tintindex": 0},
				"south": {"uv": [9.04, 14, 8, 15.04], "texture": "#1", "tintindex": 0},
				"west": {"uv": [16, 14, 8.96, 15.04], "texture": "#1", "tintindex": 0},
				"up": {"uv": [1, 14.04, 8.04, 13], "rotation": 90, "texture": "#1", "tintindex": 0},
				"down": {"uv": [8, 13, 15.04, 14.04], "rotation": 270, "texture": "#1", "tintindex": 0}
			}
		},
		{
			"from": [7.48, 4.98, 13.98],
			"to": [8.52, 8.02, 15.02],
			"rotation": {"angle": 0, "axis": "y", "origin": [17.85671, -4.67157, 17]},
			"faces": {
				"east": {"uv": [10, 8, 9, 11], "texture": "#1"},
				"south": {"uv": [11, 8, 10, 11], "texture": "#1"},
				"west": {"uv": [12, 8, 11, 11], "texture": "#1"},
				"down": {"uv": [10, 6, 11, 7], "rotation": 270, "texture": "#1"}
			}
		},
		{
			"from": [7, 5, 15],
			"to": [9, 9, 17],
			"rotation": {"angle": 0, "axis": "y", "origin": [17.85671, -4.67157, 17]},
			"faces": {
				"north": {"uv": [2, 5, 0, 9], "texture": "#1", "tintindex": 0},
				"east": {"uv": [4, 5, 2, 9], "texture": "#1", "tintindex": 0},
				"south": {"uv": [6, 5, 4, 9], "texture": "#1", "tintindex": 0},
				"west": {"uv": [8, 5, 6, 9], "texture": "#1", "tintindex": 0},
				"up": {"uv": [2, 5, 4, 3], "rotation": 90, "texture": "#1", "tintindex": 0},
				"down": {"uv": [4, 3, 6, 5], "rotation": 270, "texture": "#1", "tintindex": 0}
			}
		},
		{
			"from": [7.5, 5.58132, 12.46],
			"to": [8.5, 7.58132, 15.46],
			"rotation": {"angle": 45, "axis": "x", "origin": [8.31671, 7.08132, 13.96]},
			"faces": {
				"east": {"uv": [12, 4, 9, 6], "texture": "#1"},
				"south": {"uv": [13, 4, 12, 6], "texture": "#1"},
				"west": {"uv": [16, 4, 13, 6], "texture": "#1"},
				"up": {"uv": [9, 4, 12, 3], "rotation": 90, "texture": "#1"},
				"down": {"uv": [12, 3, 15, 4], "rotation": 270, "texture": "#1"}
			}
		}
	],
	"display": {
		"thirdperson_righthand": {
			"rotation": [-86, 0, 0],
			"translation": [0, -3, 0]
		},
		"thirdperson_lefthand": {
			"rotation": [-86, 0, 0],
			"translation": [0, -3, 0]
		},
		"firstperson_righthand": {
			"rotation": [-85, 0, 0]
		},
		"firstperson_lefthand": {
			"rotation": [-85, 0, 0]
		},
		"ground": {
			"translation": [0, 0, -2],
			"scale": [0.4, 0.4, 0.4]
		},
		"gui": {
			"rotation": [30, -125, 0],
			"translation": [4.25, -1.25, 0],
			"scale": [1.15, 1.15, 1.15]
		},
		"head": {
			"translation": [0, 4.75, 6.25],
			"scale": [1.5, 1.5, 1.5]
		},
		"fixed": {
			"rotation": [0, 90, 0],
			"translation": [-9.25, 0, 0],
			"scale": [2, 2, 2]
		}
	},
	"groups": [
		{
			"name": "weighted_stock",
			"origin": [-3.14329, -2.92157, -0.5],
			"color": 0,
			"children": [0, 1, 2, 3, 4]
		}
	]
}