{
	"credit": "Made by LeftChaotix",
	"texture_size": [64, 64],
	"textures": {
		"0": "cgm:item/grenade_launcher",
		"particle": "cgm:item/grenade_launcher"
	},
	"elements": [
		{
			"from": [5.5, 0.5, 6],
			"to": [10.5, 5.5, 12],
			"rotation": {"angle": 0, "axis": "y", "origin": [8, 3, 12]},
			"faces": {
				"north": {"uv": [1.25, 1.25, 0, 2.5], "texture": "#0", "tintindex": 0},
				"east": {"uv": [2.75, 1.25, 1.25, 2.5], "texture": "#0", "tintindex": 0},
				"south": {"uv": [4, 1.25, 2.75, 2.5], "texture": "#0", "tintindex": 0},
				"west": {"uv": [5.5, 1.25, 4, 2.5], "texture": "#0", "tintindex": 0},
				"up": {"uv": [1.25, 1.25, 2.75, 0], "rotation": 90, "texture": "#0", "tintindex": 0},
				"down": {"uv": [2.75, 0, 4.25, 1.25], "rotation": 270, "texture": "#0", "tintindex": 0}
			}
		}
	],
	"groups": [
		{
			"name": "cylinder",
			"origin": [0, 0, 0],
			"color": 0,
			"children": [
				{
					"name": "cylinder",
					"origin": [0, 0, 0],
					"color": 0,
					"children": [0]
				}
			]
		}
	]
}