{
	"credit": "Made by LeftChaotix",
	"texture_size": [64, 64],
	"textures": {
		"0": "cgm:item/grenade_launcher",
		"particle": "cgm:item/grenade_launcher"
	},
	"elements": [
		{
			"from": [6.5, 3, -1],
			"to": [9.5, 6, 5],
			"rotation": {"angle": 0, "axis": "y", "origin": [34.5, -24, 5]},
			"faces": {
				"north": {"uv": [5, 4.5, 4.25, 5.25], "texture": "#0", "tintindex": 0},
				"east": {"uv": [6.5, 4.5, 5, 5.25], "texture": "#0", "tintindex": 0},
				"south": {"uv": [7.25, 4.5, 6.5, 5.25], "texture": "#0", "tintindex": 0},
				"west": {"uv": [8.75, 4.5, 7.25, 5.25], "texture": "#0", "tintindex": 0},
				"up": {"uv": [5, 4.5, 6.5, 3.75], "rotation": 90, "texture": "#0", "tintindex": 0},
				"down": {"uv": [6.5, 3.75, 8, 4.5], "rotation": 270, "texture": "#0", "tintindex": 0}
			}
		},
		{
			"from": [6, 0, 5],
			"to": [10, 6, 6],
			"rotation": {"angle": 0, "axis": "y", "origin": [34.5, -24, 5]},
			"faces": {
				"north": {"uv": [3.5, 5.5, 2.5, 7], "texture": "#0", "tintindex": 0},
				"east": {"uv": [3.75, 5.5, 3.5, 7], "texture": "#0", "tintindex": 0},
				"south": {"uv": [4.75, 5.5, 3.75, 7], "texture": "#0", "tintindex": 0},
				"west": {"uv": [5, 5.5, 4.75, 7], "texture": "#0", "tintindex": 0},
				"up": {"uv": [3.5, 5.5, 3.75, 4.5], "rotation": 90, "texture": "#0", "tintindex": 0},
				"down": {"uv": [3.75, 4.5, 4, 5.5], "rotation": 270, "texture": "#0", "tintindex": 0}
			}
		},
		{
			"from": [7, 1, 1],
			"to": [9, 3, 5],
			"rotation": {"angle": 0, "axis": "y", "origin": [34.5, -24, 5]},
			"faces": {
				"north": {"uv": [5.5, 2.5, 5, 3], "texture": "#0"},
				"east": {"uv": [6.5, 2.5, 5.5, 3], "texture": "#0"},
				"south": {"uv": [7, 2.5, 6.5, 3], "texture": "#0"},
				"west": {"uv": [8, 2.5, 7, 3], "texture": "#0"},
				"up": {"uv": [5.5, 2.5, 6.5, 2], "rotation": 90, "texture": "#0"},
				"down": {"uv": [6.5, 2, 7.5, 2.5], "rotation": 270, "texture": "#0"}
			}
		},
		{
			"from": [7.5, 2, 13],
			"to": [8.5, 6, 20],
			"rotation": {"angle": 22.5, "axis": "x", "origin": [8, 6, 13]},
			"faces": {
				"north": {"uv": [4.5, 0.25, 4.25, 1.25], "texture": "#0"},
				"east": {"uv": [6.25, 0.25, 4.5, 1.25], "texture": "#0"},
				"south": {"uv": [6.5, 0.25, 6.25, 1.25], "texture": "#0"},
				"west": {"uv": [8.25, 0.25, 6.5, 1.25], "texture": "#0"},
				"up": {"uv": [4.5, 0.25, 6.25, 0], "rotation": 90, "texture": "#0"},
				"down": {"uv": [6.25, 0, 8, 0.25], "rotation": 270, "texture": "#0"}
			}
		},
		{
			"from": [8, 0, 13],
			"to": [8, 2, 16],
			"rotation": {"angle": 0, "axis": "y", "origin": [8, 6, 13]},
			"faces": {
				"north": {"uv": [1.5, 4.5, 1.5, 5], "texture": "#0", "tintindex": 0},
				"east": {"uv": [2.25, 4.5, 1.5, 5], "texture": "#0", "tintindex": 0},
				"south": {"uv": [2.25, 4.5, 2.25, 5], "texture": "#0", "tintindex": 0},
				"west": {"uv": [3, 4.5, 2.25, 5], "texture": "#0", "tintindex": 0},
				"up": {"uv": [1.5, 4.5, 2.25, 4.5], "rotation": 90, "texture": "#0", "tintindex": 0},
				"down": {"uv": [2.25, 4.5, 3, 4.5], "rotation": 270, "texture": "#0", "tintindex": 0}
			}
		},
		{
			"from": [6, 0, 12],
			"to": [10, 6, 13],
			"rotation": {"angle": 0, "axis": "y", "origin": [34.5, -24, 5]},
			"faces": {
				"north": {"uv": [1, 5.5, 0, 7], "texture": "#0", "tintindex": 0},
				"east": {"uv": [1.25, 5.5, 1, 7], "texture": "#0", "tintindex": 0},
				"south": {"uv": [2.25, 5.5, 1.25, 7], "texture": "#0", "tintindex": 0},
				"west": {"uv": [2.5, 5.5, 2.25, 7], "texture": "#0", "tintindex": 0},
				"up": {"uv": [1, 5.5, 1.25, 4.5], "rotation": 90, "texture": "#0", "tintindex": 0},
				"down": {"uv": [1.25, 4.5, 1.5, 5.5], "rotation": 270, "texture": "#0", "tintindex": 0}
			}
		},
		{
			"from": [6.98, 4.98, 4.98],
			"to": [9.02, 7.02, 13.02],
			"rotation": {"angle": 0, "axis": "y", "origin": [34.5, -24, 5]},
			"faces": {
				"north": {"uv": [0.5, 4, 0, 4.5], "texture": "#0", "tintindex": 0},
				"east": {"uv": [2.5, 4, 0.5, 4.5], "texture": "#0", "tintindex": 0},
				"south": {"uv": [3, 4, 2.5, 4.5], "texture": "#0", "tintindex": 0},
				"west": {"uv": [5, 4, 3, 4.5], "texture": "#0", "tintindex": 0},
				"up": {"uv": [0.5, 4, 2.5, 3.5], "rotation": 90, "texture": "#0", "tintindex": 0},
				"down": {"uv": [2.5, 3.5, 4.5, 4], "rotation": 270, "texture": "#0", "tintindex": 0}
			}
		},
		{
			"from": [6.98, -1.02, 4.98],
			"to": [9.02, 1.02, 13.02],
			"rotation": {"angle": 0, "axis": "y", "origin": [34.5, -24, 5]},
			"faces": {
				"north": {"uv": [0.5, 3, 0, 3.5], "texture": "#0", "tintindex": 0},
				"east": {"uv": [2.5, 3, 0.5, 3.5], "texture": "#0", "tintindex": 0},
				"south": {"uv": [3, 3, 2.5, 3.5], "texture": "#0", "tintindex": 0},
				"west": {"uv": [5, 3, 3, 3.5], "texture": "#0", "tintindex": 0},
				"up": {"uv": [0.5, 3, 2.5, 2.5], "rotation": 90, "texture": "#0", "tintindex": 0},
				"down": {"uv": [2.5, 2.5, 4.5, 3], "rotation": 270, "texture": "#0", "tintindex": 0}
			}
		},
		{
			"from": [7, 2, 13.02],
			"to": [9, 6, 13.02],
			"faces": {
				"south": {"uv": [0, 0, 0.5, 1], "texture": "#0"}
			}
		}
	],
	"groups": [
		{
			"name": "grenade launcher",
			"origin": [0, 0, 0],
			"color": 0,
			"children": [0, 1, 2, 3, 4, 5, 6, 7]
		},
		8
	]
}