{
	"credit": "Made by LeftChaotix",
	"texture_size": [64, 64],
	"textures": {
		"1": "cgm:item/mini_gun_barrel"
	},
	"elements": [
		{
			"from": [5, -1, -12],
			"to": [11, 5, -7],
			"rotation": {"angle": 0, "axis": "y", "origin": [8, 0.5, 8]},
			"faces": {
				"north": {"uv": [1.5, 1.5, 0, 3], "texture": "#1", "tintindex": 0},
				"east": {"uv": [2.75, 1.5, 1.5, 3], "texture": "#1", "tintindex": 0},
				"south": {"uv": [4.25, 1.5, 2.75, 3], "texture": "#1", "tintindex": 0},
				"west": {"uv": [5.5, 1.5, 4.25, 3], "texture": "#1", "tintindex": 0},
				"up": {"uv": [1.5, 1.5, 2.75, 0], "rotation": 90, "texture": "#1", "tintindex": 0},
				"down": {"uv": [2.75, 0, 4, 1.5], "rotation": 270, "texture": "#1", "tintindex": 0}
			}
		},
		{
			"from": [5, -1, 5],
			"to": [11, 5, 8],
			"rotation": {"angle": 0, "axis": "y", "origin": [8, 0.5, 8]},
			"faces": {
				"north": {"uv": [5.5, 3, 4, 4.5], "texture": "#1", "tintindex": 0},
				"east": {"uv": [6.25, 3, 5.5, 4.5], "texture": "#1", "tintindex": 0},
				"south": {"uv": [7.75, 3, 6.25, 4.5], "texture": "#1", "tintindex": 0},
				"west": {"uv": [8.5, 3, 7.75, 4.5], "texture": "#1", "tintindex": 0},
				"up": {"uv": [5.5, 3, 6.25, 1.5], "rotation": 90, "texture": "#1", "tintindex": 0},
				"down": {"uv": [6.25, 1.5, 7, 3], "rotation": 270, "texture": "#1", "tintindex": 0}
			}
		},
		{
			"from": [5, -1, -3],
			"to": [11, 5, -2],
			"rotation": {"angle": 0, "axis": "y", "origin": [8, 0.5, 8]},
			"faces": {
				"north": {"uv": [3.5, 8, 2, 9.5], "texture": "#1", "tintindex": 0},
				"east": {"uv": [3.75, 8, 3.5, 9.5], "texture": "#1", "tintindex": 0},
				"south": {"uv": [5.25, 8, 3.75, 9.5], "texture": "#1", "tintindex": 0},
				"west": {"uv": [5.5, 8, 5.25, 9.5], "texture": "#1", "tintindex": 0},
				"up": {"uv": [3.5, 8, 3.75, 6.5], "rotation": 90, "texture": "#1", "tintindex": 0},
				"down": {"uv": [3.75, 6.5, 4, 8], "rotation": 270, "texture": "#1", "tintindex": 0}
			}
		},
		{
			"from": [5, -1, -1],
			"to": [11, 5, 0],
			"rotation": {"angle": 0, "axis": "y", "origin": [8, 0.5, 8]},
			"faces": {
				"north": {"uv": [1.5, 6.5, 0, 8], "texture": "#1", "tintindex": 0},
				"east": {"uv": [1.75, 6.5, 1.5, 8], "texture": "#1", "tintindex": 0},
				"south": {"uv": [3.25, 6.5, 1.75, 8], "texture": "#1", "tintindex": 0},
				"west": {"uv": [3.5, 6.5, 3.25, 8], "texture": "#1", "tintindex": 0},
				"up": {"uv": [1.5, 6.5, 1.75, 5], "rotation": 90, "texture": "#1", "tintindex": 0},
				"down": {"uv": [1.75, 5, 2, 6.5], "rotation": 270, "texture": "#1", "tintindex": 0}
			}
		},
		{
			"from": [7, -1, 0],
			"to": [9, 5, 5],
			"rotation": {"angle": 0, "axis": "y", "origin": [8, 0.5, 8]},
			"faces": {
				"north": {"uv": [7.5, 0.5, 7, 2], "texture": "#1", "tintindex": 0},
				"east": {"uv": [8.75, 0.5, 7.5, 2], "texture": "#1", "tintindex": 0},
				"south": {"uv": [9.25, 0.5, 8.75, 2], "texture": "#1", "tintindex": 0},
				"west": {"uv": [10.5, 0.5, 9.25, 2], "texture": "#1", "tintindex": 0},
				"up": {"uv": [7.5, 0.5, 8.75, 0], "rotation": 90, "texture": "#1", "tintindex": 0},
				"down": {"uv": [8.75, 0, 10, 0.5], "rotation": 270, "texture": "#1", "tintindex": 0}
			}
		},
		{
			"from": [7, -1, -7],
			"to": [9, 5, -3],
			"rotation": {"angle": 0, "axis": "y", "origin": [8, 0.5, 8]},
			"faces": {
				"north": {"uv": [9.5, 4.5, 10, 6], "texture": "#1", "tintindex": 0},
				"east": {"uv": [8.5, 4.5, 9.5, 6], "texture": "#1", "tintindex": 0},
				"south": {"uv": [8, 4.5, 8.5, 6], "texture": "#1", "tintindex": 0},
				"west": {"uv": [10, 4.5, 11, 6], "texture": "#1", "tintindex": 0},
				"up": {"uv": [9.5, 4.5, 8.5, 4], "rotation": 90, "texture": "#1", "tintindex": 0},
				"down": {"uv": [10.5, 4, 9.5, 4.5], "rotation": 270, "texture": "#1", "tintindex": 0}
			}
		},
		{
			"from": [7, -1, -2],
			"to": [9, 5, -1],
			"rotation": {"angle": 0, "axis": "y", "origin": [8, 0.5, 8]},
			"faces": {
				"north": {"uv": [0.5, 8.5, 0, 10], "texture": "#1", "tintindex": 0},
				"east": {"uv": [0.75, 8.5, 0.5, 10], "texture": "#1", "tintindex": 0},
				"south": {"uv": [1.25, 8.5, 0.75, 10], "texture": "#1", "tintindex": 0},
				"west": {"uv": [1.5, 8.5, 1.25, 10], "texture": "#1", "tintindex": 0},
				"up": {"uv": [0.5, 8.5, 0.75, 8], "rotation": 90, "texture": "#1", "tintindex": 0},
				"down": {"uv": [0.75, 8, 1, 8.5], "rotation": 270, "texture": "#1", "tintindex": 0}
			}
		},
		{
			"from": [5, 1, 0],
			"to": [11, 3, 5],
			"rotation": {"angle": 0, "axis": "y", "origin": [8, 0.5, 8]},
			"faces": {
				"north": {"uv": [1.5, 4.5, 0, 5], "texture": "#1", "tintindex": 0},
				"east": {"uv": [2.75, 4.5, 1.5, 5], "texture": "#1", "tintindex": 0},
				"south": {"uv": [4.25, 4.5, 2.75, 5], "texture": "#1", "tintindex": 0},
				"west": {"uv": [5.5, 4.5, 4.25, 5], "texture": "#1", "tintindex": 0},
				"up": {"uv": [1.5, 4.5, 2.75, 3], "rotation": 90, "texture": "#1", "tintindex": 0},
				"down": {"uv": [2.75, 3, 4, 4.5], "rotation": 270, "texture": "#1", "tintindex": 0}
			}
		},
		{
			"from": [5, 1, -7],
			"to": [11, 3, -3],
			"rotation": {"angle": 0, "axis": "y", "origin": [8, 0.5, 8]},
			"faces": {
				"north": {"uv": [5.5, 6, 4, 6.5], "texture": "#1", "tintindex": 0},
				"east": {"uv": [6.5, 6, 5.5, 6.5], "texture": "#1", "tintindex": 0},
				"south": {"uv": [8, 6, 6.5, 6.5], "texture": "#1", "tintindex": 0},
				"west": {"uv": [9, 6, 8, 6.5], "texture": "#1", "tintindex": 0},
				"up": {"uv": [5.5, 6, 6.5, 4.5], "rotation": 90, "texture": "#1", "tintindex": 0},
				"down": {"uv": [6.5, 4.5, 7.5, 6], "rotation": 270, "texture": "#1", "tintindex": 0}
			}
		},
		{
			"from": [5, 1, -2],
			"to": [11, 3, -1],
			"rotation": {"angle": 0, "axis": "y", "origin": [8, 0.5, 8]},
			"faces": {
				"north": {"uv": [7, 8, 5.5, 8.5], "texture": "#1", "tintindex": 0},
				"east": {"uv": [7.25, 8, 7, 8.5], "texture": "#1", "tintindex": 0},
				"south": {"uv": [8.75, 8, 7.25, 8.5], "texture": "#1", "tintindex": 0},
				"west": {"uv": [9, 8, 8.75, 8.5], "texture": "#1", "tintindex": 0},
				"up": {"uv": [7, 8, 7.25, 6.5], "rotation": 90, "texture": "#1", "tintindex": 0},
				"down": {"uv": [7.25, 6.5, 7.5, 8], "rotation": 270, "texture": "#1", "tintindex": 0}
			}
		}
	],
	"groups": [
		{
			"name": "minigun",
			"origin": [0, 0, 0],
			"color": 0,
			"children": [
				{
					"name": "barrel",
					"origin": [0, 0, 0],
					"color": 0,
					"children": [0, 1, 2, 3, 4, 5, 6, 7, 8, 9]
				}
			]
		}
	]
}