{
	"credit": "Made by LeftChaotix",
	"texture_size": [32, 32],
	"textures": {
		"1": "cgm:item/mini_gun"
	},
	"elements": [
		{
			"from": [5, -2, 8],
			"to": [11, 5, 17],
			"rotation": {"angle": 0, "axis": "y", "origin": [4, -9, 14]},
			"faces": {
				"north": {"uv": [3, 3, 0, 6.5], "texture": "#1", "tintindex": 0},
				"east": {"uv": [7.5, 3, 3, 6.5], "texture": "#1", "tintindex": 0},
				"south": {"uv": [10.5, 3, 7.5, 6.5], "texture": "#1", "tintindex": 0},
				"west": {"uv": [15, 3, 10.5, 6.5], "texture": "#1", "tintindex": 0},
				"up": {"uv": [3, 3, 7.5, 0], "rotation": 90, "texture": "#1", "tintindex": 0},
				"down": {"uv": [7.5, 0, 12, 3], "rotation": 270, "texture": "#1", "tintindex": 0}
			}
		},
		{
			"from": [11, 3, 10],
			"to": [13, 8, 12],
			"rotation": {"angle": 0, "axis": "y", "origin": [4, -9, 14]},
			"faces": {
				"north": {"uv": [1, 11.5, 0, 14], "texture": "#1", "tintindex": 0},
				"east": {"uv": [2, 11.5, 1, 14], "texture": "#1", "tintindex": 0},
				"south": {"uv": [3, 11.5, 2, 14], "texture": "#1", "tintindex": 0},
				"west": {"uv": [4, 11.5, 3, 14], "texture": "#1", "tintindex": 0},
				"up": {"uv": [1, 11.5, 2, 10.5], "rotation": 90, "texture": "#1", "tintindex": 0},
				"down": {"uv": [2, 10.5, 3, 11.5], "rotation": 270, "texture": "#1", "tintindex": 0}
			}
		},
		{
			"from": [3, 3, 10],
			"to": [5, 8, 12],
			"rotation": {"angle": 0, "axis": "y", "origin": [4, -9, 14]},
			"faces": {
				"north": {"uv": [9, 10, 8, 12.5], "texture": "#1", "tintindex": 0},
				"east": {"uv": [10, 10, 9, 12.5], "texture": "#1", "tintindex": 0},
				"south": {"uv": [11, 10, 10, 12.5], "texture": "#1", "tintindex": 0},
				"west": {"uv": [12, 10, 11, 12.5], "texture": "#1", "tintindex": 0},
				"up": {"uv": [9, 10, 10, 9], "rotation": 90, "texture": "#1", "tintindex": 0},
				"down": {"uv": [10, 9, 11, 10], "rotation": 270, "texture": "#1", "tintindex": 0}
			}
		},
		{
			"from": [5, 6, 10],
			"to": [11, 8, 12],
			"rotation": {"angle": 0, "axis": "y", "origin": [4, -9, 14]},
			"faces": {
				"north": {"uv": [3, 9.5, 0, 10.5], "texture": "#1"},
				"east": {"uv": [4, 9.5, 3, 10.5], "texture": "#1"},
				"south": {"uv": [7, 9.5, 4, 10.5], "texture": "#1"},
				"west": {"uv": [8, 9.5, 7, 10.5], "texture": "#1"},
				"up": {"uv": [3, 9.5, 4, 6.5], "rotation": 90, "texture": "#1"},
				"down": {"uv": [4, 6.5, 5, 9.5], "rotation": 270, "texture": "#1"}
			}
		},
		{
			"from": [7.5, 0, 17],
			"to": [8.5, 4, 23],
			"rotation": {"angle": 22.5, "axis": "x", "origin": [8, 4, 17.5]},
			"faces": {
				"north": {"uv": [5.5, 7, 5, 9], "texture": "#1"},
				"east": {"uv": [8.5, 7, 5.5, 9], "texture": "#1"},
				"south": {"uv": [9, 7, 8.5, 9], "texture": "#1"},
				"west": {"uv": [12, 7, 9, 9], "texture": "#1"},
				"up": {"uv": [5.5, 7, 8.5, 6.5], "rotation": 90, "texture": "#1"},
				"down": {"uv": [8.5, 6.5, 11.5, 7], "rotation": 270, "texture": "#1"}
			}
		}
	],
	"groups": [
		{
			"name": "minigun",
			"origin": [0, 0, 0],
			"color": 0,
			"children": [
				{
					"name": "base",
					"origin": [0, 0, 0],
					"color": 0,
					"children": [0, 1, 2, 3, 4]
				}
			]
		}
	]
}